large_zone,region,MFS01,MFS02,MFS03,MFS04,MFS05,MFS06,MFS07,MFS08,MFS09,MFS10,MFS11,MFS12,MFS13,MFS14,MFS15,MFS16,MFS17,MFS18,MFS19,MFS20,MFS21,MFS25,MFS26,MFS27,MFS28,MFS29,MFS30,MFS31,MFS32,MFS33,MFS38,MFS39,MFS40,MFS41,MFS42,MFS43,MFS44,MFS22,MFS23,MFS24,MFS34,MFS35,MFS36,MFS37,MFS45,MFS46,MFS47,MFS48,MFS49,MFS50,MFS51,MFS52,MFS53,MFS54,MFS55,MFS56,MFS57,MFS58,MFS65,MFS66,MFS59,MFS60,MFS61,MFS64,MFS63,MFS67,MFS68,MFS69,MFS70,MFS71,PRF01,PRF02,PRF03,PRF04,PRF05,PRF06,PRF07,PRF15,PRF16,PRF17,PRF18,PRF19,PRF20,PRF22,PRF21,PRF23,PRF24,PRF31,PRF32,PRF33,PRF34,PRF35,PRF36,PRF37,PRF38,PRF39,PRF40,PRF41,PRF42,PRF43,PRF44,PRF45,PRF46,PRF47,OSK01,OSK02,OSK03,OSK04,OSK05,OSK06,OSK07,OSK08,OSK09,OSK10,OSK11,OSK12,OSK13,OSK14,OSK15,OSK16,OSK17,OSK18,OSK19,OSK20,OSK21,OSK22,OSK23,OSK24,OSK25,OSK26,OSK27,OSK28,OSK29,OSK30
0,MFS01,3063.0,494.0,943.0,644.0,107.0,70.0,281.0,65.0,56.0,3.0,65.0,28.0,22.0,76.0,38.0,72.0,29.0,16.0,10.0,18.0,13.0,15.0,17.0,67.0,29.0,124.0,32.0,6.0,7.0,16.0,88.0,117.0,31.0,8.0,23.0,3.0,10.0,8.0,0.0,0.0,24.0,3.0,0.0,7.0,3.0,5.0,6.0,3.0,3.0,9.0,9.0,0.0,6.0,10.0,30.0,0.0,47.0,3.0,3.0,0.0,60.0,12.0,3.0,21.0,0.0,0.0,0.0,0.0,0.0,0.0,150.5,35.5,37.2,77.3,26.3,31.8,60.2,56.7,31.4,30.7,21.3,23.6,59.4,71.0,45.7,245.2,49.4,11.0,15.2,47.0,73.2,35.4,18.3,23.2,29.9,14.0,119.5,17.7,27.4,36.6,26.8,21.3,32.3,26.8,24.5,9.5,5.0,3.3,20.1,4.1,37.0,21.4,126.7,5.4,16.4,11.6,66.8,32.5,8.4,15.6,2.0,2.9,19.4,5.2,41.0,12.1,7.8,0.2,1.9,19.3,0.8,0.4,0.7,0.0
1,MFS02,827.0,2893.0,462.0,556.0,325.0,232.0,231.0,418.0,194.0,27.0,120.0,147.0,135.0,345.0,214.0,371.0,119.0,160.0,37.0,10.0,117.0,176.0,249.0,156.0,180.0,222.0,204.0,16.0,49.0,75.0,149.0,312.0,115.0,34.0,184.0,21.0,103.0,54.0,30.0,3.0,124.0,53.0,7.0,5.0,11.0,54.0,32.0,93.0,21.0,22.0,9.0,18.0,10.0,32.0,56.0,20.0,140.0,90.0,0.0,0.0,120.0,64.0,48.0,37.0,5.0,0.0,0.0,0.0,0.0,0.0,540.7,127.7,133.7,277.9,94.6,114.2,216.3,160.4,88.7,86.7,60.2,151.7,382.3,314.0,105.5,565.5,113.9,25.3,35.2,108.3,168.8,81.6,42.2,53.5,68.9,32.4,275.7,40.8,63.3,84.4,61.9,49.2,74.6,61.9,56.6,21.8,11.6,7.7,46.3,9.5,85.5,49.5,292.2,12.4,37.7,26.8,154.0,75.0,19.4,35.9,4.5,6.6,44.7,11.9,94.5,27.9,17.9,0.5,4.3,44.7,1.8,1.0,1.7,0.1
2,MFS03,540.0,92.0,1498.0,685.0,347.0,849.0,111.0,318.0,35.0,57.0,126.0,35.0,14.0,13.0,49.0,9.0,35.0,5.0,3.0,4.0,7.0,7.0,0.0,268.0,169.0,268.0,52.0,0.0,13.0,39.0,10.0,97.0,62.0,9.0,74.0,0.0,54.0,9.0,2.0,0.0,3.0,2.0,0.0,0.0,0.0,0.0,3.0,37.0,3.0,18.0,0.0,35.0,0.0,0.0,7.0,36.0,32.0,52.0,36.0,0.0,82.0,40.0,109.0,1.0,0.0,0.0,0.0,0.0,0.0,0.0,195.5,46.2,48.3,100.5,34.2,41.3,78.2,15.8,8.7,8.5,5.9,38.1,95.9,78.0,22.2,119.0,24.0,5.3,7.4,22.8,35.5,17.2,8.9,11.2,14.5,6.8,58.0,8.6,13.3,17.8,13.0,10.4,15.7,13.0,11.9,4.6,2.4,1.6,9.8,2.0,18.0,10.4,61.5,2.6,7.9,5.6,32.4,15.8,4.1,7.6,1.0,1.4,9.4,2.5,19.9,5.9,3.8,0.1,0.9,9.4,0.4,0.2,0.4,0.0
3,MFS04,2567.0,641.0,1203.0,4930.0,255.0,564.0,1020.0,324.0,176.0,26.0,133.0,61.0,82.0,82.0,90.0,90.0,20.0,57.0,24.0,7.0,46.0,306.0,176.0,256.0,475.0,350.0,445.0,25.0,84.0,42.0,135.0,605.0,162.0,131.0,175.0,39.0,16.0,77.0,29.0,3.0,99.0,40.0,13.0,9.0,5.0,23.0,58.0,135.0,117.0,48.0,7.0,37.0,7.0,17.0,78.0,62.0,78.0,58.0,0.0,0.0,51.0,50.0,112.0,93.0,18.0,0.0,0.0,0.0,0.0,0.0,268.6,63.4,66.4,138.0,47.0,56.7,107.4,169.3,93.6,91.5,63.5,28.4,71.6,310.0,71.5,383.2,77.2,17.2,23.8,73.4,114.4,55.3,28.6,36.2,46.7,21.9,186.9,27.6,42.9,57.2,41.9,33.4,50.5,41.9,38.4,14.8,7.8,5.2,31.4,6.4,58.0,33.5,198.0,8.4,25.6,18.2,104.3,50.8,13.2,24.3,3.1,4.5,30.3,8.1,64.0,18.9,12.1,0.3,2.9,30.3,1.3,0.7,1.1,0.0
4,MFS05,268.0,446.0,559.0,73.0,1866.0,74.0,64.0,992.0,149.0,3.0,66.0,11.0,30.0,324.0,13.0,22.0,48.0,23.0,15.0,3.0,16.0,53.0,9.0,71.0,77.0,42.0,89.0,0.0,6.0,41.0,4.0,41.0,58.0,0.0,47.0,4.0,7.0,3.0,39.0,0.0,26.0,12.0,3.0,0.0,3.0,6.0,5.0,3.0,3.0,20.0,0.0,9.0,0.0,3.0,13.0,0.0,3.0,4.0,0.0,0.0,20.0,4.0,0.0,9.0,3.0,0.0,0.0,0.0,0.0,0.0,41.0,9.7,10.1,21.1,7.2,8.7,16.4,22.7,12.5,12.3,8.5,18.5,46.5,89.0,25.0,133.8,27.0,6.0,8.3,25.6,39.9,19.3,10.0,12.7,16.3,7.7,65.3,9.7,15.0,20.0,14.6,11.7,17.6,14.6,13.4,5.2,2.7,1.8,11.0,2.3,20.2,11.7,69.2,2.9,8.9,6.3,36.4,17.7,4.6,8.5,1.1,1.6,10.6,2.8,22.4,6.6,4.2,0.1,1.0,10.6,0.4,0.2,0.4,0.0
5,MFS06,581.0,227.0,1134.0,716.0,581.0,2353.0,461.0,460.0,118.0,9.0,6.0,23.0,46.0,45.0,22.0,24.0,73.0,35.0,5.0,12.0,10.0,17.0,71.0,260.0,629.0,507.0,195.0,27.0,83.0,280.0,15.0,92.0,153.0,164.0,72.0,0.0,0.0,31.0,20.0,0.0,154.0,39.0,14.0,9.0,0.0,20.0,5.0,21.0,8.0,16.0,10.0,49.0,9.0,4.0,4.0,9.0,80.0,27.0,0.0,0.0,49.0,0.0,149.0,5.0,24.0,0.0,0.0,0.0,0.0,0.0,180.0,42.5,44.5,92.5,31.5,38.0,72.0,51.8,28.7,28.0,19.5,80.1,201.9,208.0,50.5,270.9,54.6,12.1,16.8,51.9,80.9,39.1,20.2,25.6,33.0,15.5,132.1,19.5,30.3,40.4,29.7,23.6,35.7,29.7,27.1,10.5,5.5,3.7,22.2,4.6,40.9,23.7,140.0,5.9,18.1,12.8,73.8,35.9,9.3,17.2,2.2,3.2,21.4,5.7,45.3,13.4,8.6,0.2,2.1,21.4,0.9,0.5,0.8,0.0
6,MFS07,1101.0,290.0,1435.0,2988.0,126.0,713.0,2848.0,265.0,119.0,19.0,140.0,48.0,56.0,66.0,114.0,118.0,19.0,39.0,28.0,7.0,46.0,64.0,85.0,179.0,446.0,296.0,899.0,26.0,32.0,33.0,212.0,446.0,190.0,86.0,126.0,55.0,24.0,17.0,3.0,2.0,131.0,79.0,14.0,8.0,5.0,4.0,83.0,30.0,31.0,35.0,68.0,39.0,3.0,60.0,58.0,24.0,85.0,45.0,0.0,0.0,50.0,95.0,94.0,63.0,13.0,0.0,0.0,0.0,0.0,0.0,162.4,38.3,40.1,83.4,28.4,34.3,64.9,75.7,41.9,41.0,28.4,46.3,116.7,180.0,39.2,210.2,42.4,9.4,13.1,40.3,62.7,30.3,15.7,19.9,25.6,12.0,102.5,15.2,23.5,31.4,23.0,18.3,27.7,23.0,21.1,8.1,4.3,2.9,17.2,3.5,31.8,18.4,108.6,4.6,14.0,10.0,57.2,27.9,7.2,13.3,1.7,2.5,16.6,4.4,35.1,10.4,6.6,0.2,1.6,16.6,0.7,0.4,0.6,0.0
7,MFS08,440.0,294.0,498.0,233.0,490.0,348.0,125.0,5717.0,1229.0,859.0,33.0,61.0,28.0,122.0,92.0,124.0,105.0,172.0,28.0,39.0,70.0,150.0,109.0,164.0,189.0,781.0,169.0,41.0,66.0,19.0,80.0,196.0,91.0,35.0,54.0,12.0,10.0,19.0,5.0,5.0,63.0,52.0,7.0,0.0,15.0,24.0,14.0,40.0,14.0,7.0,25.0,28.0,4.0,23.0,30.0,13.0,96.0,34.0,4.0,0.0,60.0,26.0,5.0,17.0,3.0,0.0,0.0,0.0,0.0,0.0,186.8,44.1,46.2,96.0,32.7,39.4,74.7,66.4,36.7,35.9,24.9,65.3,164.7,165.0,32.6,174.7,35.2,7.8,10.9,33.5,52.2,25.2,13.0,16.5,21.3,10.0,85.2,12.6,19.6,26.1,19.1,15.2,23.0,19.1,17.5,6.7,3.6,2.4,14.3,2.9,26.4,15.3,90.3,3.8,11.7,8.3,47.6,23.2,6.0,11.1,1.4,2.1,13.8,3.7,29.2,8.6,5.5,0.2,1.3,13.8,0.6,0.3,0.5,0.0
8,MFS09,141.0,134.0,212.0,118.0,121.0,57.0,29.0,823.0,2579.0,330.0,42.0,82.0,56.0,284.0,68.0,53.0,128.0,370.0,38.0,13.0,38.0,57.0,197.0,61.0,38.0,151.0,39.0,34.0,3.0,15.0,28.0,44.0,18.0,8.0,17.0,15.0,5.0,54.0,16.0,13.0,22.0,7.0,10.0,4.0,3.0,0.0,0.0,12.0,49.0,14.0,15.0,10.0,2.0,2.0,29.0,4.0,54.0,58.0,0.0,0.0,23.0,18.0,44.0,32.0,6.0,0.0,0.0,0.0,0.0,0.0,100.4,23.7,24.8,51.6,17.6,21.2,40.2,43.3,24.0,23.4,16.3,88.6,223.4,201.0,25.9,138.9,28.0,6.2,8.6,26.6,41.5,20.0,10.4,13.1,16.9,7.9,67.7,10.0,15.6,20.7,15.2,12.1,18.3,15.2,13.9,5.4,2.8,1.9,11.4,2.3,21.0,12.2,71.8,3.0,9.3,6.6,37.8,18.4,4.8,8.8,1.1,1.6,11.0,2.9,23.2,6.8,4.4,0.1,1.1,11.0,0.5,0.2,0.4,0.0
9,MFS10,75.0,78.0,116.0,110.0,117.0,81.0,44.0,1057.0,456.0,1655.0,15.0,36.0,96.0,77.0,29.0,76.0,24.0,148.0,20.0,0.0,35.0,52.0,25.0,51.0,40.0,431.0,75.0,68.0,17.0,26.0,40.0,112.0,27.0,0.0,15.0,12.0,7.0,6.0,0.0,3.0,57.0,30.0,3.0,12.0,5.0,3.0,3.0,21.0,89.0,9.0,25.0,1.0,1.0,7.0,27.0,28.0,80.0,72.0,6.0,0.0,17.0,9.0,5.0,5.0,0.0,0.0,0.0,0.0,0.0,0.0,166.3,39.3,41.1,85.5,29.1,35.1,66.5,43.3,24.0,23.4,16.3,94.9,239.1,81.0,26.9,144.1,29.0,6.5,9.0,27.6,43.0,20.8,10.8,13.6,17.6,8.2,70.2,10.4,16.1,21.5,15.8,12.5,19.0,15.8,14.4,5.6,2.9,2.0,11.8,2.4,21.8,12.6,74.5,3.1,9.6,6.8,39.2,19.1,4.9,9.1,1.2,1.7,11.4,3.0,24.1,7.1,4.6,0.1,1.1,11.3,0.5,0.2,0.4,0.0
10,MFS11,37.0,28.0,30.0,69.0,20.0,2.0,8.0,59.0,59.0,18.0,526.0,537.0,434.0,365.0,301.0,174.0,57.0,101.0,106.0,59.0,212.0,87.0,84.0,15.0,11.0,24.0,32.0,0.0,15.0,2.0,8.0,18.0,17.0,4.0,14.0,2.0,0.0,56.0,30.0,3.0,9.0,4.0,2.0,0.0,2.0,2.0,0.0,4.0,4.0,2.0,4.0,0.0,0.0,2.0,2.0,0.0,32.0,9.0,0.0,0.0,61.0,4.0,11.0,19.0,5.0,0.0,0.0,0.0,0.0,0.0,16.9,4.0,4.2,8.7,3.0,3.6,6.8,2.4,1.3,1.3,0.9,16.2,40.8,841.0,6.2,33.1,6.7,1.5,2.1,6.3,9.9,4.8,2.5,3.1,4.0,1.9,16.1,2.4,3.7,4.9,3.6,2.9,4.4,3.6,3.3,1.3,0.7,0.5,2.7,0.6,5.0,2.9,17.1,0.7,2.2,1.6,9.0,4.4,1.1,2.1,0.3,0.4,2.6,0.7,5.5,1.7,1.1,0.0,0.3,2.6,0.1,0.1,0.1,0.0
11,MFS12,43.0,523.0,41.0,58.0,52.0,45.0,41.0,34.0,56.0,3.0,659.0,1354.0,538.0,275.0,208.0,167.0,68.0,341.0,183.0,127.0,190.0,99.0,136.0,15.0,12.0,20.0,22.0,7.0,7.0,6.0,18.0,45.0,15.0,0.0,12.0,6.0,14.0,49.0,51.0,6.0,57.0,14.0,14.0,0.0,3.0,11.0,7.0,4.0,3.0,19.0,9.0,0.0,3.0,14.0,0.0,13.0,35.0,9.0,0.0,0.0,28.0,8.0,0.0,7.0,10.0,0.0,0.0,0.0,0.0,0.0,54.7,12.9,13.5,28.1,9.6,11.6,21.9,25.1,13.9,13.6,9.4,12.8,32.2,226.0,27.2,145.8,29.4,6.5,9.1,27.9,43.5,21.0,10.9,13.8,17.8,8.3,71.1,10.5,16.3,21.8,16.0,12.7,19.2,16.0,14.6,5.6,3.0,2.0,11.9,2.4,22.0,12.7,75.3,3.2,9.7,6.9,39.7,19.3,5.0,9.2,1.2,1.7,11.5,3.1,24.4,7.2,4.6,0.1,1.1,11.5,0.5,0.2,0.4,0.0
12,MFS13,91.0,115.0,85.0,53.0,70.0,16.0,21.0,58.0,228.0,27.0,470.0,563.0,1741.0,701.0,333.0,86.0,119.0,434.0,45.0,69.0,364.0,335.0,639.0,14.0,19.0,36.0,59.0,0.0,5.0,3.0,8.0,45.0,17.0,10.0,21.0,2.0,7.0,150.0,45.0,11.0,13.0,0.0,0.0,3.0,3.0,3.0,29.0,16.0,5.0,14.0,9.0,2.0,3.0,8.0,20.0,3.0,31.0,26.0,3.0,0.0,9.0,12.0,2.0,15.0,3.0,0.0,0.0,0.0,0.0,0.0,42.5,10.0,10.5,21.8,7.4,9.0,17.0,11.3,6.3,6.1,4.3,37.8,95.2,164.0,12.3,66.1,13.3,3.0,4.1,12.7,19.7,9.5,4.9,6.3,8.1,3.8,32.3,4.8,7.4,9.9,7.2,5.8,8.7,7.2,6.6,2.5,1.3,0.9,5.4,1.1,10.0,5.8,34.2,1.4,4.4,3.1,18.0,8.8,2.3,4.2,0.5,0.8,5.2,1.4,11.0,3.3,2.1,0.1,0.5,5.3,0.2,0.1,0.2,0.0
13,MFS14,132.0,262.0,96.0,43.0,86.0,18.0,48.0,154.0,226.0,22.0,332.0,327.0,795.0,1774.0,369.0,464.0,398.0,337.0,101.0,62.0,177.0,275.0,315.0,24.0,23.0,34.0,21.0,0.0,9.0,8.0,50.0,48.0,11.0,0.0,49.0,18.0,28.0,63.0,71.0,1.0,24.0,6.0,10.0,7.0,3.0,18.0,2.0,23.0,2.0,7.0,0.0,10.0,0.0,0.0,5.0,7.0,14.0,7.0,1.0,0.0,16.0,4.0,4.0,13.0,3.0,0.0,0.0,0.0,0.0,0.0,79.6,18.8,19.7,40.9,13.9,16.8,31.8,21.1,11.6,11.4,7.9,72.7,183.3,531.0,15.9,85.1,17.1,3.8,5.3,16.3,25.4,12.3,6.3,8.0,10.4,4.9,41.5,6.1,9.5,12.7,9.3,7.4,11.2,9.3,8.5,3.3,1.7,1.2,7.0,1.4,12.8,7.4,43.9,1.9,5.7,4.0,23.2,11.3,2.9,5.4,0.7,1.0,6.7,1.8,14.2,4.2,2.7,0.1,0.6,6.7,0.3,0.1,0.3,0.0
14,MFS15,286.0,420.0,182.0,197.0,153.0,70.0,87.0,209.0,127.0,25.0,1139.0,417.0,460.0,788.0,1547.0,522.0,292.0,119.0,35.0,16.0,80.0,135.0,173.0,72.0,36.0,49.0,53.0,6.0,15.0,25.0,97.0,141.0,49.0,47.0,61.0,12.0,32.0,61.0,19.0,12.0,26.0,26.0,10.0,0.0,31.0,5.0,38.0,19.0,20.0,11.0,34.0,32.0,3.0,22.0,37.0,0.0,53.0,43.0,0.0,0.0,84.0,37.0,19.0,25.0,7.0,0.0,0.0,0.0,0.0,0.0,211.7,50.0,52.3,108.8,37.0,44.7,84.7,103.3,57.1,55.8,38.8,48.0,121.0,258.0,57.5,308.4,62.1,13.8,19.2,59.1,92.1,44.5,23.0,29.2,37.6,17.6,150.4,22.2,34.5,46.0,33.8,26.9,40.7,33.8,30.9,11.9,6.3,4.2,25.3,5.2,46.6,27.0,159.3,6.7,20.6,14.6,84.0,40.9,10.6,19.6,2.5,3.6,24.4,6.5,51.5,15.2,9.7,0.3,2.3,24.4,1.0,0.5,0.9,0.0
15,MFS16,356.0,904.0,128.0,243.0,289.0,106.0,64.0,189.0,104.0,17.0,276.0,291.0,166.0,330.0,627.0,1955.0,397.0,95.0,48.0,36.0,69.0,111.0,123.0,51.0,71.0,102.0,80.0,11.0,10.0,51.0,105.0,101.0,84.0,64.0,90.0,62.0,33.0,64.0,16.0,4.0,29.0,29.0,5.0,0.0,0.0,11.0,11.0,15.0,16.0,5.0,42.0,7.0,5.0,23.0,12.0,14.0,81.0,26.0,0.0,0.0,38.0,19.0,19.0,45.0,10.0,0.0,0.0,0.0,0.0,0.0,107.6,25.4,26.6,55.3,18.8,22.7,43.1,54.7,30.2,29.6,20.5,39.5,99.5,125.0,40.0,214.6,43.2,9.6,13.3,41.1,64.1,31.0,16.0,20.3,26.2,12.3,104.6,15.5,24.0,32.0,23.5,18.7,28.3,23.5,21.5,8.3,4.4,2.9,17.6,3.6,32.5,18.8,110.9,4.7,14.3,10.2,58.4,28.5,7.4,13.6,1.7,2.5,17.0,4.5,35.9,10.6,6.8,0.2,1.6,17.0,0.7,0.4,0.6,0.0
16,MFS17,111.0,477.0,90.0,52.0,904.0,43.0,30.0,131.0,172.0,14.0,130.0,96.0,106.0,532.0,80.0,377.0,973.0,66.0,19.0,3.0,53.0,65.0,49.0,9.0,10.0,48.0,26.0,0.0,23.0,8.0,12.0,38.0,9.0,15.0,38.0,11.0,4.0,5.0,34.0,4.0,3.0,7.0,0.0,0.0,0.0,4.0,4.0,13.0,4.0,8.0,0.0,0.0,0.0,0.0,7.0,0.0,22.0,8.0,0.0,0.0,24.0,11.0,4.0,4.0,4.0,0.0,0.0,0.0,0.0,0.0,102.2,24.1,25.3,52.5,17.9,21.6,40.9,40.5,22.4,21.9,15.2,22.2,55.8,92.0,16.1,86.4,17.4,3.9,5.4,16.6,25.8,12.5,6.5,8.2,10.5,4.9,42.1,6.2,9.7,12.9,9.5,7.5,11.4,9.5,8.7,3.3,1.8,1.2,7.1,1.5,13.1,7.6,44.7,1.9,5.8,4.1,23.5,11.5,3.0,5.5,0.7,1.0,6.8,1.8,14.4,4.3,2.7,0.1,0.7,6.8,0.3,0.1,0.3,0.0
17,MFS18,68.0,176.0,87.0,71.0,161.0,80.0,66.0,356.0,916.0,109.0,49.0,141.0,147.0,335.0,180.0,136.0,299.0,2834.0,55.0,39.0,160.0,397.0,575.0,53.0,28.0,94.0,25.0,17.0,8.0,3.0,71.0,50.0,7.0,3.0,40.0,17.0,11.0,69.0,78.0,11.0,47.0,11.0,29.0,4.0,0.0,13.0,15.0,14.0,3.0,19.0,21.0,15.0,0.0,17.0,52.0,9.0,53.0,21.0,0.0,0.0,37.0,23.0,15.0,8.0,66.0,0.0,0.0,0.0,0.0,0.0,139.0,32.8,34.4,71.4,24.3,29.3,55.6,56.3,31.1,30.4,21.1,52.5,132.5,255.0,37.9,203.4,41.0,9.1,12.6,39.0,60.7,29.3,15.2,19.2,24.8,11.6,99.2,14.7,22.8,30.4,22.3,17.7,26.8,22.3,20.4,7.9,4.2,2.8,16.7,3.4,30.7,17.8,105.1,4.4,13.6,9.6,55.4,27.0,7.0,12.9,1.6,2.4,16.1,4.3,34.0,10.0,6.4,0.2,1.5,16.1,0.7,0.3,0.6,0.0
18,MFS19,49.0,13.0,0.0,7.0,0.0,3.0,6.0,0.0,0.0,0.0,48.0,138.0,33.0,42.0,89.0,33.0,4.0,4.0,705.0,56.0,22.0,16.0,9.0,0.0,4.0,0.0,3.0,0.0,0.0,0.0,5.0,9.0,5.0,0.0,5.0,0.0,3.0,3.0,6.0,0.0,0.0,0.0,0.0,0.0,0.0,4.0,3.0,6.0,0.0,3.0,0.0,0.0,0.0,0.0,0.0,0.0,0.0,0.0,0.0,0.0,17.0,3.0,3.0,3.0,3.0,0.0,0.0,0.0,0.0,0.0,19.4,4.6,4.8,10.0,3.4,4.1,7.8,2.0,1.1,1.1,0.8,2.0,5.0,36.0,2.7,14.5,2.9,0.6,0.9,2.8,4.3,2.1,1.1,1.4,1.8,0.8,7.1,1.0,1.6,2.2,1.6,1.3,1.9,1.6,1.4,0.6,0.3,0.2,1.2,0.2,2.2,1.3,7.5,0.3,1.0,0.7,4.0,1.9,0.5,0.9,0.1,0.2,1.1,0.3,2.4,0.7,0.5,0.0,0.1,1.2,0.0,0.0,0.0,0.0
19,MFS20,19.0,18.0,5.0,3.0,0.0,3.0,3.0,0.0,12.0,1.0,0.0,33.0,152.0,1.0,6.0,11.0,1.0,1.0,52.0,272.0,228.0,11.0,30.0,0.0,0.0,1.0,3.0,0.0,0.0,0.0,6.0,0.0,0.0,0.0,1.0,0.0,0.0,5.0,6.0,0.0,3.0,0.0,0.0,0.0,0.0,0.0,1.0,1.0,0.0,3.0,0.0,0.0,0.0,0.0,0.0,6.0,6.0,6.0,0.0,0.0,0.0,0.0,0.0,3.0,0.0,0.0,0.0,0.0,0.0,0.0,6.1,1.4,1.5,3.1,1.1,1.3,2.4,2.4,1.3,1.3,0.9,2.0,5.0,12.0,2.8,14.8,3.0,0.7,0.9,2.8,4.4,2.1,1.1,1.4,1.8,0.8,7.2,1.1,1.7,2.2,1.6,1.3,2.0,1.6,1.5,0.6,0.3,0.2,1.2,0.2,2.2,1.3,7.7,0.3,1.0,0.7,4.0,2.0,0.5,0.9,0.1,0.2,1.2,0.3,2.5,0.7,0.5,0.0,0.1,1.2,0.0,0.0,0.0,0.0
20,MFS21,75.0,80.0,24.0,40.0,37.0,66.0,44.0,142.0,133.0,47.0,98.0,126.0,248.0,110.0,96.0,147.0,41.0,259.0,81.0,242.0,1999.0,491.0,626.0,32.0,88.0,63.0,24.0,6.0,22.0,21.0,30.0,12.0,30.0,46.0,15.0,12.0,16.0,218.0,94.0,37.0,19.0,7.0,0.0,0.0,0.0,12.0,3.0,18.0,12.0,26.0,16.0,50.0,0.0,15.0,17.0,0.0,74.0,48.0,0.0,0.0,121.0,230.0,36.0,5.0,3.0,0.0,0.0,0.0,0.0,0.0,128.2,30.3,31.7,65.9,22.4,27.1,51.3,70.5,39.0,38.1,26.4,52.0,131.0,218.0,33.3,178.5,36.0,8.0,11.1,34.2,53.3,25.8,13.3,16.9,21.8,10.2,87.0,12.9,20.0,26.6,19.5,15.5,23.5,19.5,17.9,6.9,3.6,2.4,14.6,3.0,27.0,15.6,92.2,3.9,11.9,8.5,48.6,23.7,6.1,11.3,1.4,2.1,14.1,3.8,29.8,8.8,5.6,0.2,1.4,14.1,0.6,0.3,0.5,0.0
21,MFS25,128.0,158.0,113.0,186.0,130.0,127.0,56.0,160.0,137.0,96.0,147.0,180.0,215.0,510.0,125.0,202.0,87.0,369.0,97.0,64.0,593.0,2340.0,640.0,97.0,44.0,149.0,54.0,40.0,21.0,35.0,76.0,164.0,20.0,54.0,58.0,9.0,12.0,411.0,279.0,205.0,79.0,45.0,0.0,0.0,6.0,9.0,9.0,29.0,29.0,20.0,18.0,35.0,3.0,11.0,73.0,20.0,67.0,80.0,3.0,0.0,51.0,23.0,12.0,14.0,25.0,0.0,0.0,0.0,0.0,0.0,186.8,44.1,46.2,96.0,32.7,39.4,74.7,95.2,52.6,51.5,35.7,64.8,163.2,499.0,62.2,333.1,67.1,14.9,20.7,63.8,99.4,48.1,24.9,31.5,40.6,19.1,162.4,24.0,37.3,49.7,36.5,29.0,43.9,36.5,33.3,12.9,6.8,4.6,27.3,5.6,50.4,29.1,172.1,7.3,22.2,15.8,90.7,44.2,11.4,21.1,2.7,3.9,26.3,7.0,55.7,16.5,10.5,0.3,2.5,26.3,1.1,0.6,1.0,0.0
22,MFS26,134.0,272.0,100.0,124.0,106.0,79.0,149.0,379.0,295.0,104.0,191.0,358.0,769.0,458.0,244.0,387.0,280.0,652.0,155.0,120.0,697.0,807.0,1284.0,55.0,30.0,96.0,67.0,22.0,28.0,24.0,73.0,87.0,42.0,25.0,38.0,18.0,22.0,218.0,138.0,91.0,58.0,18.0,16.0,0.0,9.0,12.0,8.0,21.0,3.0,9.0,9.0,27.0,3.0,15.0,32.0,9.0,46.0,15.0,3.0,0.0,61.0,32.0,12.0,24.0,3.0,0.0,0.0,0.0,0.0,0.0,119.5,28.2,29.5,61.4,20.9,25.2,47.8,35.6,19.7,19.3,13.4,85.8,216.2,421.0,27.0,144.9,29.2,6.5,9.0,27.8,43.3,20.9,10.8,13.7,17.7,8.3,70.7,10.5,16.2,21.6,15.9,12.6,19.1,15.9,14.5,5.6,3.0,2.0,11.9,2.4,21.9,12.7,74.9,3.2,9.7,6.9,39.5,19.2,5.0,9.2,1.2,1.7,11.5,3.1,24.2,7.2,4.6,0.1,1.1,11.4,0.5,0.2,0.4,0.0
23,MFS27,160.0,104.0,143.0,191.0,79.0,307.0,173.0,122.0,67.0,41.0,13.0,18.0,24.0,47.0,33.0,28.0,20.0,32.0,3.0,7.0,39.0,39.0,28.0,7201.0,917.0,1137.0,1408.0,41.0,244.0,1231.0,97.0,112.0,38.0,66.0,55.0,8.0,25.0,23.0,10.0,4.0,1576.0,185.0,19.0,10.0,0.0,9.0,13.0,40.0,33.0,19.0,13.0,35.0,0.0,7.0,53.0,45.0,130.0,74.0,7.0,0.0,151.0,64.0,30.0,74.0,14.0,0.0,0.0,0.0,0.0,0.0,173.9,41.1,43.0,89.4,30.4,36.7,69.6,94.8,52.4,51.2,35.6,51.1,128.9,184.0,29.1,155.8,31.4,7.0,9.7,29.8,46.5,22.5,11.6,14.7,19.0,8.9,76.0,11.2,17.4,23.3,17.1,13.6,20.5,17.1,15.6,6.0,3.2,2.1,12.8,2.6,23.6,13.6,80.5,3.4,10.4,7.4,42.4,20.7,5.3,9.9,1.3,1.8,12.3,3.3,26.0,7.7,4.9,0.1,1.2,12.3,0.5,0.3,0.5,0.0
24,MFS28,257.0,260.0,867.0,659.0,192.0,945.0,516.0,286.0,87.0,51.0,62.0,36.0,28.0,77.0,65.0,58.0,23.0,99.0,12.0,15.0,96.0,82.0,75.0,1354.0,2844.0,771.0,741.0,49.0,111.0,217.0,114.0,212.0,176.0,69.0,133.0,17.0,49.0,21.0,31.0,0.0,395.0,138.0,9.0,19.0,20.0,38.0,37.0,104.0,228.0,85.0,6.0,42.0,0.0,13.0,74.0,33.0,114.0,97.0,15.0,0.0,74.0,109.0,68.0,81.0,0.0,0.0,0.0,0.0,0.0,0.0,292.0,68.9,72.2,150.0,51.1,61.6,116.8,155.1,85.8,83.9,58.2,104.2,262.8,235.0,49.2,263.6,53.1,11.8,16.4,50.5,78.7,38.0,19.7,24.9,32.1,15.1,128.5,19.0,29.5,39.3,28.8,22.9,34.7,28.8,26.4,10.2,5.4,3.6,21.6,4.4,39.9,23.0,136.2,5.8,17.6,12.5,71.8,34.9,9.0,16.7,2.1,3.1,20.8,5.6,44.1,13.0,8.3,0.2,2.0,20.8,0.9,0.4,0.8,0.0
25,MFS29,328.0,215.0,413.0,274.0,217.0,729.0,194.0,1450.0,450.0,317.0,39.0,49.0,59.0,82.0,36.0,53.0,28.0,62.0,25.0,0.0,40.0,155.0,68.0,1149.0,558.0,5959.0,190.0,651.0,868.0,421.0,93.0,157.0,73.0,34.0,93.0,18.0,5.0,15.0,21.0,7.0,247.0,349.0,33.0,103.0,5.0,26.0,40.0,121.0,35.0,12.0,24.0,30.0,0.0,19.0,51.0,17.0,232.0,99.0,2.0,0.0,109.0,130.0,24.0,44.0,17.0,0.0,0.0,0.0,0.0,0.0,270.4,63.8,66.8,138.9,47.3,57.1,108.1,111.8,61.8,60.4,42.0,99.4,250.6,268.0,51.4,275.3,55.5,12.3,17.1,52.7,82.2,39.7,20.5,26.0,33.6,15.8,134.2,19.9,30.8,41.1,30.1,24.0,36.3,30.1,27.5,10.6,5.6,3.8,22.6,4.6,41.6,24.1,142.3,6.0,18.4,13.1,75.0,36.5,9.5,17.5,2.2,3.2,21.8,5.8,46.0,13.6,8.7,0.2,2.1,21.8,0.9,0.5,0.8,0.0
26,MFS30,450.0,300.0,441.0,778.0,178.0,332.0,1162.0,256.0,165.0,55.0,90.0,63.0,103.0,102.0,127.0,132.0,50.0,74.0,43.0,22.0,112.0,112.0,91.0,649.0,714.0,544.0,2961.0,28.0,99.0,251.0,206.0,370.0,359.0,257.0,248.0,58.0,77.0,59.0,39.0,32.0,382.0,192.0,59.0,8.0,20.0,49.0,64.0,179.0,222.0,101.0,146.0,118.0,18.0,62.0,211.0,50.0,288.0,106.0,11.0,0.0,259.0,149.0,93.0,103.0,19.0,0.0,0.0,0.0,0.0,0.0,352.1,83.1,87.0,180.9,61.6,74.3,140.8,191.6,106.0,103.6,71.9,89.5,225.5,363.0,72.8,390.4,78.7,17.5,24.3,74.8,116.5,56.3,29.1,36.9,47.6,22.3,190.3,28.2,43.7,58.3,42.7,34.0,51.5,42.7,39.1,15.1,8.0,5.3,32.0,6.6,59.0,34.1,201.7,8.5,26.1,18.5,106.3,51.8,13.4,24.8,3.1,4.6,30.9,8.2,65.2,19.3,12.4,0.4,3.0,30.9,1.3,0.7,1.2,0.0
27,MFS31,105.0,50.0,40.0,72.0,28.0,114.0,76.0,200.0,81.0,186.0,50.0,15.0,40.0,45.0,11.0,67.0,41.0,20.0,0.0,3.0,14.0,35.0,16.0,153.0,85.0,401.0,122.0,177.0,130.0,35.0,21.0,31.0,39.0,10.0,3.0,19.0,6.0,11.0,7.0,3.0,142.0,131.0,15.0,11.0,4.0,0.0,13.0,23.0,14.0,3.0,3.0,6.0,0.0,44.0,37.0,11.0,62.0,35.0,8.0,0.0,38.0,34.0,0.0,3.0,13.0,0.0,0.0,0.0,0.0,0.0,36.0,8.5,8.9,18.5,6.3,7.6,14.4,21.9,12.1,11.8,8.2,40.9,103.1,24.0,7.3,38.9,7.8,1.7,2.4,7.4,11.6,5.6,2.9,3.7,4.7,2.2,19.0,2.8,4.4,5.8,4.3,3.4,5.1,4.3,3.9,1.5,0.8,0.5,3.2,0.7,5.8,3.4,20.1,0.9,2.6,1.8,10.6,5.2,1.3,2.5,0.3,0.5,3.1,0.8,6.5,1.9,1.2,0.0,0.3,3.1,0.1,0.1,0.1,0.0
28,MFS32,135.0,160.0,92.0,220.0,101.0,73.0,79.0,310.0,46.0,63.0,20.0,19.0,25.0,45.0,177.0,70.0,3.0,143.0,7.0,0.0,78.0,378.0,90.0,462.0,271.0,993.0,372.0,312.0,686.0,272.0,178.0,450.0,159.0,222.0,303.0,3.0,0.0,10.0,24.0,7.0,407.0,371.0,73.0,32.0,0.0,12.0,3.0,23.0,18.0,10.0,0.0,9.0,0.0,0.0,9.0,0.0,126.0,118.0,3.0,0.0,32.0,16.0,12.0,16.0,4.0,0.0,0.0,0.0,0.0,0.0,53.6,12.7,13.3,27.6,9.4,11.3,21.5,45.4,25.1,24.5,17.0,26.1,65.9,61.0,15.1,81.2,16.4,3.6,5.0,15.5,24.2,11.7,6.1,7.7,9.9,4.6,39.6,5.9,9.1,12.1,8.9,7.1,10.7,8.9,8.1,3.1,1.7,1.1,6.7,1.4,12.3,7.1,42.0,1.8,5.4,3.8,22.1,10.8,2.8,5.2,0.7,1.0,6.4,1.7,13.6,4.0,2.6,0.1,0.6,6.4,0.3,0.1,0.2,0.0
29,MFS33,63.0,34.0,49.0,73.0,40.0,85.0,68.0,67.0,36.0,17.0,19.0,33.0,27.0,28.0,27.0,33.0,21.0,39.0,12.0,8.0,25.0,17.0,28.0,520.0,149.0,469.0,251.0,56.0,220.0,670.0,35.0,39.0,43.0,30.0,39.0,32.0,9.0,24.0,6.0,0.0,371.0,168.0,43.0,32.0,28.0,38.0,35.0,26.0,19.0,11.0,37.0,21.0,0.0,7.0,31.0,27.0,104.0,56.0,7.0,0.0,32.0,63.0,40.0,24.0,0.0,0.0,0.0,0.0,0.0,0.0,196.2,46.3,48.5,100.8,34.3,41.4,78.5,73.3,40.5,39.6,27.5,37.2,93.8,102.0,37.1,198.6,40.0,8.9,12.4,38.0,59.3,28.7,14.8,18.8,24.2,11.4,96.8,14.3,22.2,29.6,21.7,17.3,26.2,21.7,19.9,7.7,4.1,2.7,16.3,3.3,30.1,17.4,102.6,4.3,13.3,9.4,54.1,26.3,6.8,12.6,1.6,2.3,15.7,4.2,33.2,9.8,6.3,0.2,1.5,15.7,0.6,0.3,0.6,0.0
30,MFS38,235.0,120.0,73.0,150.0,25.0,40.0,148.0,47.0,21.0,9.0,30.0,54.0,75.0,65.0,27.0,52.0,23.0,49.0,4.0,0.0,14.0,49.0,17.0,140.0,56.0,63.0,95.0,6.0,15.0,26.0,2236.0,731.0,400.0,110.0,818.0,424.0,427.0,17.0,0.0,0.0,13.0,2.0,7.0,2.0,245.0,214.0,494.0,51.0,50.0,34.0,10.0,29.0,21.0,61.0,35.0,6.0,79.0,156.0,0.0,0.0,45.0,15.0,14.0,14.0,7.0,0.0,0.0,0.0,0.0,0.0,87.8,20.7,21.7,45.1,15.4,18.5,35.1,31.2,17.2,16.9,11.7,14.5,36.5,98.0,12.2,65.1,13.1,2.9,4.1,12.5,19.4,9.4,4.9,6.2,7.9,3.7,31.8,4.7,7.3,9.7,7.1,5.7,8.6,7.1,6.5,2.5,1.3,0.9,5.3,1.1,9.9,5.7,33.6,1.4,4.3,3.1,17.7,8.6,2.2,4.1,0.5,0.8,5.1,1.4,10.9,3.2,2.0,0.1,0.5,5.2,0.2,0.1,0.2,0.0
31,MFS39,503.0,553.0,308.0,1079.0,184.0,165.0,856.0,244.0,115.0,15.0,64.0,109.0,106.0,76.0,68.0,158.0,33.0,96.0,41.0,41.0,93.0,116.0,834.0,293.0,213.0,367.0,491.0,16.0,50.0,109.0,765.0,3050.0,681.0,194.0,870.0,180.0,104.0,51.0,21.0,0.0,185.0,65.0,6.0,8.0,34.0,70.0,137.0,82.0,43.0,88.0,65.0,139.0,26.0,69.0,94.0,83.0,181.0,129.0,4.0,0.0,127.0,74.0,51.0,60.0,10.0,0.0,0.0,0.0,0.0,0.0,278.3,65.7,68.8,143.0,48.7,58.7,111.3,102.1,56.4,55.2,38.3,70.7,178.3,221.0,53.0,284.0,57.2,12.7,17.7,54.4,84.8,41.0,21.2,26.8,34.6,16.3,138.5,20.5,31.8,42.4,31.1,24.7,37.4,31.1,28.4,11.0,5.8,3.9,23.3,4.8,43.0,24.8,146.8,6.2,19.0,13.5,77.3,37.7,9.8,18.0,2.3,3.3,22.5,6.0,47.5,14.0,9.0,0.3,2.2,22.4,0.9,0.5,0.8,0.0
32,MFS40,125.0,92.0,92.0,288.0,28.0,73.0,287.0,124.0,34.0,18.0,120.0,35.0,82.0,38.0,37.0,51.0,10.0,12.0,35.0,15.0,59.0,37.0,41.0,185.0,108.0,106.0,344.0,3.0,11.0,24.0,159.0,291.0,2104.0,442.0,352.0,48.0,37.0,10.0,4.0,51.0,116.0,20.0,23.0,0.0,7.0,61.0,103.0,189.0,53.0,63.0,147.0,197.0,13.0,13.0,115.0,11.0,70.0,117.0,0.0,0.0,62.0,63.0,20.0,42.0,4.0,0.0,0.0,0.0,0.0,0.0,242.3,57.2,59.9,124.5,42.4,51.1,96.9,71.7,39.6,38.8,26.9,73.3,184.7,173.0,45.0,241.4,48.6,10.8,15.0,46.2,72.1,34.8,18.0,22.8,29.4,13.8,117.7,17.4,27.0,36.0,26.4,21.0,31.8,26.4,24.2,9.3,4.9,3.3,19.8,4.1,36.5,21.1,124.7,5.3,16.1,11.4,65.7,32.0,8.3,15.3,1.9,2.8,19.1,5.1,40.3,11.9,7.6,0.2,1.8,19.1,0.8,0.4,0.7,0.0
33,MFS41,17.0,50.0,26.0,125.0,47.0,35.0,129.0,106.0,28.0,3.0,3.0,19.0,17.0,31.0,34.0,19.0,0.0,23.0,26.0,3.0,36.0,26.0,31.0,88.0,39.0,49.0,342.0,0.0,16.0,21.0,109.0,133.0,325.0,469.0,86.0,19.0,46.0,7.0,16.0,7.0,58.0,27.0,4.0,3.0,3.0,34.0,35.0,63.0,32.0,16.0,214.0,87.0,3.0,51.0,82.0,49.0,56.0,64.0,3.0,0.0,47.0,26.0,3.0,11.0,22.0,0.0,0.0,0.0,0.0,0.0,106.6,25.2,26.3,54.8,18.6,22.5,42.6,33.2,18.4,18.0,12.5,15.3,38.7,59.0,12.5,67.2,13.5,3.0,4.2,12.9,20.1,9.7,5.0,6.3,8.2,3.8,32.7,4.8,7.5,10.0,7.4,5.8,8.9,7.4,6.7,2.6,1.4,0.9,5.5,1.1,10.2,5.9,34.7,1.5,4.5,3.2,18.3,8.9,2.3,4.3,0.5,0.8,5.3,1.4,11.2,3.3,2.1,0.1,0.5,5.3,0.2,0.1,0.2,0.0
34,MFS42,179.0,154.0,136.0,264.0,109.0,163.0,237.0,174.0,96.0,5.0,72.0,70.0,107.0,116.0,75.0,87.0,36.0,109.0,12.0,18.0,34.0,51.0,86.0,137.0,85.0,227.0,177.0,5.0,28.0,55.0,820.0,579.0,350.0,97.0,1856.0,113.0,128.0,17.0,24.0,3.0,84.0,38.0,8.0,7.0,80.0,279.0,314.0,73.0,76.0,41.0,22.0,62.0,36.0,141.0,55.0,18.0,45.0,34.0,3.0,0.0,89.0,23.0,43.0,44.0,11.0,0.0,0.0,0.0,0.0,0.0,133.2,31.5,32.9,68.5,23.3,28.1,53.3,59.1,32.7,32.0,22.2,25.6,64.4,156.0,41.6,223.0,44.9,10.0,13.9,42.7,66.6,32.2,16.6,21.1,27.2,12.8,108.7,16.1,25.0,33.3,24.4,19.4,29.4,24.4,22.3,8.6,4.6,3.0,18.3,3.8,33.7,19.5,115.2,4.9,14.9,10.6,60.7,29.6,7.7,14.2,1.8,2.6,17.6,4.7,37.3,11.0,7.1,0.2,1.7,17.6,0.7,0.4,0.7,0.0
35,MFS43,53.0,77.0,14.0,63.0,15.0,15.0,22.0,20.0,16.0,9.0,17.0,17.0,9.0,8.0,10.0,56.0,1.0,88.0,5.0,1.0,20.0,7.0,51.0,21.0,36.0,36.0,58.0,9.0,9.0,17.0,167.0,113.0,28.0,18.0,85.0,741.0,266.0,23.0,6.0,1.0,57.0,42.0,4.0,1.0,136.0,58.0,125.0,44.0,54.0,6.0,46.0,24.0,4.0,62.0,40.0,6.0,72.0,36.0,0.0,0.0,27.0,13.0,15.0,32.0,10.0,0.0,0.0,0.0,0.0,0.0,76.3,18.0,18.9,39.2,13.4,16.1,30.5,55.1,30.5,29.8,20.7,22.4,56.6,139.0,27.6,148.0,29.8,6.6,9.2,28.3,44.2,21.4,11.0,14.0,18.0,8.5,72.1,10.7,16.6,22.1,16.2,12.9,19.5,16.2,14.8,5.7,3.0,2.0,12.1,2.5,22.4,12.9,76.4,3.2,9.9,7.0,40.3,19.6,5.1,9.4,1.2,1.7,11.7,3.1,24.7,7.3,4.7,0.1,1.1,11.7,0.5,0.3,0.4,0.0
36,MFS44,162.0,244.0,68.0,54.0,75.0,5.0,32.0,10.0,23.0,11.0,87.0,28.0,6.0,68.0,75.0,16.0,3.0,5.0,9.0,0.0,9.0,15.0,19.0,11.0,11.0,18.0,16.0,1.0,7.0,8.0,114.0,120.0,8.0,10.0,117.0,111.0,1926.0,2.0,2.0,8.0,37.0,5.0,0.0,0.0,201.0,41.0,87.0,3.0,4.0,15.0,7.0,8.0,0.0,35.0,3.0,2.0,16.0,8.0,0.0,0.0,19.0,0.0,9.0,8.0,0.0,0.0,0.0,0.0,0.0,0.0,38.9,9.2,9.6,20.0,6.8,8.2,15.6,11.7,6.5,6.4,4.4,6.5,16.5,38.0,9.0,48.1,9.7,2.2,3.0,9.2,14.4,6.9,3.6,4.5,5.9,2.8,23.4,3.5,5.4,7.2,5.3,4.2,6.3,5.3,4.8,1.9,1.0,0.7,3.9,0.8,7.3,4.2,24.9,1.1,3.2,2.3,13.1,6.4,1.7,3.1,0.4,0.6,3.8,1.0,8.0,2.4,1.5,0.0,0.4,3.8,0.2,0.1,0.1,0.0
37,MFS22,4.0,35.0,28.0,13.0,25.0,15.0,19.0,33.0,48.0,23.0,25.0,56.0,75.0,39.0,42.0,34.0,7.0,96.0,29.0,26.0,472.0,601.0,191.0,26.0,29.0,45.0,28.0,3.0,9.0,5.0,12.0,33.0,7.0,11.0,11.0,16.0,21.0,768.0,323.0,113.0,28.0,6.0,6.0,0.0,12.0,7.0,1.0,13.0,7.0,8.0,7.0,14.0,0.0,3.0,13.0,12.0,20.0,17.0,0.0,0.0,18.0,15.0,3.0,0.0,7.0,0.0,0.0,0.0,0.0,0.0,42.5,10.0,10.5,21.8,7.4,9.0,17.0,57.9,32.0,31.3,21.7,13.1,32.9,100.0,13.0,69.7,14.0,3.1,4.3,13.4,20.8,10.1,5.2,6.6,8.5,4.0,34.0,5.0,7.8,10.4,7.6,6.1,9.2,7.6,7.0,2.7,1.4,1.0,5.7,1.2,10.6,6.1,36.0,1.5,4.7,3.3,19.0,9.2,2.4,4.4,0.6,0.8,5.5,1.5,11.7,3.4,2.2,0.1,0.5,5.5,0.2,0.1,0.2,0.0
38,MFS23,22.0,38.0,7.0,23.0,3.0,5.0,11.0,3.0,33.0,0.0,8.0,28.0,30.0,17.0,28.0,15.0,4.0,29.0,12.0,4.0,81.0,123.0,56.0,4.0,7.0,16.0,60.0,0.0,0.0,3.0,12.0,7.0,20.0,0.0,14.0,0.0,4.0,131.0,694.0,258.0,11.0,0.0,0.0,0.0,0.0,0.0,0.0,0.0,3.0,0.0,4.0,3.0,12.0,0.0,0.0,0.0,7.0,0.0,0.0,0.0,5.0,0.0,25.0,0.0,0.0,0.0,0.0,0.0,0.0,0.0,22.3,5.3,5.5,11.5,3.9,4.7,8.9,5.7,3.1,3.1,2.1,15.3,38.7,220.0,4.6,24.9,5.0,1.1,1.5,4.8,7.4,3.6,1.9,2.4,3.0,1.4,12.1,1.8,2.8,3.7,2.7,2.2,3.3,2.7,2.5,1.0,0.5,0.3,2.1,0.4,3.8,2.2,12.9,0.5,1.7,1.2,6.8,3.3,0.9,1.6,0.2,0.3,2.0,0.5,4.2,1.2,0.8,0.0,0.2,2.0,0.1,0.0,0.1,0.0
39,MFS24,36.0,23.0,18.0,17.0,4.0,10.0,14.0,9.0,21.0,6.0,27.0,51.0,104.0,20.0,55.0,49.0,20.0,36.0,7.0,28.0,45.0,156.0,49.0,31.0,13.0,15.0,6.0,0.0,7.0,3.0,16.0,22.0,6.0,3.0,3.0,7.0,4.0,81.0,611.0,514.0,3.0,10.0,0.0,0.0,0.0,0.0,4.0,3.0,0.0,6.0,7.0,0.0,0.0,3.0,0.0,0.0,10.0,7.0,0.0,0.0,6.0,69.0,0.0,9.0,2.0,0.0,0.0,0.0,0.0,0.0,39.6,9.4,9.8,20.4,6.9,8.4,15.8,7.3,4.0,3.9,2.7,25.8,65.2,265.0,11.9,63.9,12.9,2.9,4.0,12.2,19.1,9.2,4.8,6.0,7.8,3.7,31.2,4.6,7.2,9.5,7.0,5.6,8.4,7.0,6.4,2.5,1.3,0.9,5.3,1.1,9.7,5.6,33.0,1.4,4.3,3.0,17.4,8.5,2.2,4.1,0.5,0.8,5.1,1.3,10.7,3.1,2.0,0.1,0.5,5.1,0.2,0.1,0.2,0.0
40,MFS34,107.0,133.0,59.0,136.0,28.0,164.0,198.0,58.0,52.0,31.0,34.0,21.0,41.0,26.0,28.0,49.0,26.0,36.0,10.0,4.0,34.0,37.0,41.0,327.0,264.0,301.0,457.0,26.0,112.0,445.0,69.0,133.0,134.0,162.0,60.0,15.0,12.0,28.0,13.0,6.0,1321.0,269.0,31.0,9.0,0.0,34.0,29.0,95.0,108.0,39.0,65.0,48.0,3.0,11.0,135.0,38.0,222.0,245.0,14.0,0.0,108.0,119.0,60.0,39.0,20.0,0.0,0.0,0.0,0.0,0.0,247.0,58.3,61.1,126.9,43.2,52.1,98.8,157.1,86.9,85.0,59.0,57.4,144.6,194.0,32.9,176.3,35.5,7.9,11.0,33.8,52.6,25.4,13.2,16.7,21.5,10.1,85.9,12.7,19.7,26.3,19.3,15.3,23.2,19.3,17.7,6.8,3.6,2.4,14.5,3.0,26.7,15.4,91.1,3.9,11.8,8.4,48.0,23.4,6.0,11.2,1.4,2.1,13.9,3.7,29.5,8.7,5.6,0.2,1.3,13.9,0.6,0.3,0.5,0.0
41,MFS35,95.0,66.0,87.0,98.0,73.0,62.0,137.0,211.0,108.0,67.0,26.0,26.0,18.0,23.0,22.0,28.0,26.0,45.0,15.0,2.0,32.0,108.0,51.0,290.0,114.0,565.0,161.0,94.0,394.0,174.0,53.0,32.0,47.0,27.0,75.0,12.0,22.0,29.0,3.0,18.0,363.0,1597.0,229.0,164.0,6.0,5.0,15.0,31.0,135.0,25.0,22.0,31.0,3.0,32.0,119.0,104.0,408.0,414.0,17.0,0.0,171.0,51.0,52.0,110.0,18.0,0.0,0.0,0.0,0.0,0.0,184.7,43.6,45.7,94.9,32.3,39.0,73.9,50.2,27.8,27.2,18.8,69.0,174.0,140.0,27.4,146.6,29.5,6.6,9.1,28.1,43.8,21.2,10.9,13.9,17.9,8.4,71.5,10.6,16.4,21.9,16.0,12.8,19.3,16.0,14.7,5.7,3.0,2.0,12.0,2.5,22.2,12.8,75.7,3.2,9.8,6.9,39.9,19.4,5.0,9.3,1.2,1.7,11.6,3.1,24.5,7.2,4.6,0.1,1.1,11.6,0.5,0.3,0.4,0.0
42,MFS36,40.0,66.0,27.0,152.0,67.0,90.0,16.0,74.0,29.0,9.0,11.0,6.0,6.0,3.0,9.0,3.0,0.0,0.0,3.0,3.0,52.0,3.0,15.0,26.0,61.0,136.0,45.0,10.0,51.0,34.0,10.0,16.0,32.0,5.0,30.0,3.0,3.0,6.0,20.0,0.0,57.0,150.0,260.0,15.0,3.0,0.0,9.0,23.0,20.0,15.0,10.0,5.0,0.0,0.0,33.0,3.0,252.0,79.0,10.0,0.0,42.0,29.0,40.0,18.0,7.0,0.0,0.0,0.0,0.0,0.0,61.9,14.6,15.3,31.8,10.8,13.1,24.8,45.0,24.9,24.3,16.9,18.5,46.5,49.0,19.3,103.7,20.9,4.6,6.4,19.9,30.9,15.0,7.7,9.8,12.6,5.9,50.5,7.5,11.6,15.5,11.3,9.0,13.7,11.3,10.4,4.0,2.1,1.4,8.5,1.7,15.7,9.1,53.5,2.3,6.9,4.9,28.2,13.7,3.6,6.6,0.8,1.2,8.2,2.2,17.3,5.1,3.3,0.1,0.8,8.2,0.3,0.2,0.3,0.0
43,MFS37,36.0,7.0,37.0,30.0,3.0,50.0,15.0,24.0,20.0,48.0,3.0,15.0,46.0,3.0,11.0,31.0,6.0,17.0,3.0,14.0,0.0,12.0,18.0,73.0,55.0,225.0,43.0,28.0,45.0,32.0,26.0,42.0,3.0,0.0,20.0,21.0,6.0,3.0,6.0,6.0,106.0,215.0,20.0,338.0,0.0,0.0,0.0,9.0,6.0,9.0,0.0,3.0,11.0,45.0,32.0,6.0,103.0,25.0,8.0,0.0,20.0,6.0,13.0,11.0,0.0,0.0,0.0,0.0,0.0,0.0,28.8,6.8,7.1,14.8,5.0,6.1,11.5,26.3,14.6,14.2,9.9,23.6,59.4,62.0,6.2,33.1,6.7,1.5,2.1,6.3,9.9,4.8,2.5,3.1,4.0,1.9,16.1,2.4,3.7,4.9,3.6,2.9,4.4,3.6,3.3,1.3,0.7,0.5,2.7,0.6,5.0,2.9,17.1,0.7,2.2,1.6,9.0,4.4,1.1,2.1,0.3,0.4,2.6,0.7,5.5,1.7,1.1,0.0,0.3,2.6,0.1,0.1,0.1,0.0
44,MFS45,43.0,74.0,48.0,45.0,31.0,58.0,59.0,99.0,43.0,4.0,8.0,32.0,30.0,34.0,18.0,14.0,18.0,22.0,19.0,4.0,18.0,20.0,36.0,50.0,37.0,50.0,40.0,0.0,4.0,9.0,66.0,75.0,42.0,14.0,26.0,52.0,102.0,15.0,14.0,0.0,24.0,14.0,4.0,0.0,695.0,21.0,22.0,9.0,4.0,15.0,4.0,26.0,4.0,9.0,27.0,4.0,44.0,24.0,0.0,0.0,36.0,15.0,9.0,8.0,4.0,0.0,0.0,0.0,0.0,0.0,58.7,13.9,14.5,30.2,10.3,12.4,23.5,47.8,26.4,25.8,17.9,24.4,61.6,42.0,21.8,117.0,23.6,5.2,7.3,22.4,34.9,16.9,8.7,11.1,14.3,6.7,57.0,8.4,13.1,17.5,12.8,10.2,15.4,12.8,11.7,4.5,2.4,1.6,9.6,2.0,17.7,10.2,60.4,2.6,7.8,5.5,31.8,15.5,4.0,7.4,0.9,1.4,9.2,2.5,19.5,5.8,3.7,0.1,0.9,9.3,0.4,0.2,0.3,0.0
45,MFS46,62.0,136.0,16.0,41.0,24.0,17.0,47.0,11.0,14.0,3.0,14.0,0.0,3.0,8.0,18.0,11.0,13.0,9.0,4.0,0.0,7.0,37.0,89.0,30.0,16.0,31.0,25.0,8.0,14.0,5.0,109.0,63.0,47.0,38.0,147.0,20.0,14.0,3.0,3.0,0.0,34.0,11.0,0.0,0.0,4.0,1426.0,155.0,7.0,9.0,0.0,7.0,22.0,10.0,300.0,22.0,6.0,45.0,25.0,5.0,0.0,21.0,8.0,12.0,12.0,9.0,0.0,0.0,0.0,0.0,0.0,64.4,15.2,15.9,33.1,11.3,13.6,25.8,19.0,10.5,10.3,7.1,78.4,197.6,77.0,11.1,59.7,12.0,2.7,3.7,11.4,17.8,8.6,4.5,5.6,7.3,3.4,29.1,4.3,6.7,8.9,6.5,5.2,7.9,6.5,6.0,2.3,1.2,0.8,4.9,1.0,9.0,5.2,30.8,1.3,4.0,2.8,16.2,7.9,2.0,3.8,0.5,0.7,4.7,1.3,10.0,2.9,1.9,0.1,0.4,4.7,0.2,0.1,0.2,0.0
46,MFS47,114.0,81.0,100.0,139.0,65.0,118.0,143.0,91.0,44.0,13.0,29.0,18.0,4.0,15.0,20.0,52.0,31.0,15.0,5.0,6.0,20.0,16.0,20.0,40.0,50.0,109.0,89.0,4.0,33.0,14.0,223.0,231.0,72.0,33.0,511.0,129.0,129.0,17.0,13.0,4.0,60.0,10.0,3.0,4.0,264.0,167.0,833.0,27.0,28.0,5.0,5.0,27.0,5.0,76.0,44.0,32.0,50.0,46.0,2.0,0.0,16.0,22.0,6.0,40.0,3.0,0.0,0.0,0.0,0.0,0.0,71.6,16.9,17.7,36.8,12.5,15.1,28.7,42.9,23.7,23.2,16.1,27.3,68.7,93.0,17.8,95.3,19.2,4.3,5.9,18.3,28.4,13.7,7.1,9.0,11.6,5.5,46.5,6.9,10.7,14.2,10.4,8.3,12.6,10.4,9.6,3.7,2.0,1.3,7.8,1.6,14.4,8.3,49.2,2.1,6.4,4.5,26.0,12.6,3.3,6.0,0.8,1.1,7.5,2.0,15.9,4.7,3.0,0.1,0.7,7.5,0.3,0.2,0.3,0.0
47,MFS48,96.0,108.0,57.0,126.0,90.0,103.0,87.0,75.0,31.0,14.0,16.0,35.0,21.0,47.0,76.0,45.0,25.0,36.0,5.0,3.0,22.0,61.0,41.0,88.0,90.0,134.0,166.0,9.0,18.0,36.0,64.0,63.0,239.0,168.0,170.0,22.0,25.0,17.0,3.0,115.0,91.0,28.0,5.0,0.0,0.0,28.0,69.0,1635.0,223.0,591.0,207.0,667.0,102.0,231.0,795.0,78.0,85.0,33.0,7.0,0.0,156.0,63.0,24.0,33.0,43.0,0.0,0.0,0.0,0.0,0.0,172.1,40.6,42.5,88.4,30.1,36.3,68.8,59.9,33.2,32.4,22.5,32.4,81.6,110.0,30.2,162.0,32.6,7.3,10.1,31.0,48.3,23.4,12.1,15.3,19.7,9.3,79.0,11.7,18.1,24.2,17.7,14.1,21.4,17.7,16.2,6.3,3.3,2.2,13.3,2.7,24.5,14.2,83.7,3.5,10.8,7.7,44.1,21.5,5.6,10.3,1.3,1.9,12.8,3.4,27.1,8.0,5.1,0.1,1.2,12.8,0.5,0.3,0.5,0.0
48,MFS49,75.0,72.0,53.0,86.0,37.0,25.0,62.0,62.0,47.0,12.0,30.0,8.0,18.0,20.0,17.0,36.0,18.0,48.0,4.0,0.0,9.0,19.0,66.0,84.0,56.0,74.0,138.0,5.0,24.0,44.0,61.0,56.0,65.0,60.0,76.0,9.0,6.0,17.0,13.0,6.0,246.0,16.0,0.0,0.0,0.0,15.0,10.0,111.0,948.0,53.0,171.0,79.0,11.0,17.0,94.0,148.0,60.0,69.0,0.0,0.0,155.0,205.0,36.0,18.0,13.0,0.0,0.0,0.0,0.0,0.0,126.7,29.9,31.3,65.1,22.2,26.8,50.7,44.1,24.4,23.9,16.6,18.2,45.8,162.0,15.9,85.2,17.2,3.8,5.3,16.3,25.4,12.3,6.4,8.1,10.4,4.9,41.6,6.1,9.5,12.7,9.3,7.4,11.2,9.3,8.6,3.3,1.7,1.2,7.0,1.4,12.9,7.5,44.0,1.9,5.7,4.0,23.2,11.3,2.9,5.4,0.7,1.0,6.7,1.8,14.2,4.2,2.7,0.1,0.6,6.7,0.3,0.1,0.3,0.0
49,MFS50,33.0,31.0,15.0,19.0,9.0,0.0,16.0,14.0,14.0,0.0,3.0,10.0,7.0,8.0,16.0,13.0,0.0,9.0,4.0,0.0,0.0,17.0,2.0,9.0,12.0,12.0,35.0,1.0,0.0,0.0,11.0,12.0,31.0,10.0,21.0,11.0,9.0,0.0,6.0,3.0,18.0,3.0,3.0,0.0,0.0,3.0,4.0,350.0,126.0,766.0,107.0,183.0,48.0,16.0,91.0,115.0,8.0,4.0,3.0,0.0,30.0,11.0,22.0,28.0,0.0,0.0,0.0,0.0,0.0,0.0,29.9,7.1,7.4,15.4,5.2,6.3,12.0,8.1,4.5,4.4,3.0,4.5,11.5,16.0,6.0,32.2,6.5,1.4,2.0,6.2,9.6,4.6,2.4,3.0,3.9,1.8,15.7,2.3,3.6,4.8,3.5,2.8,4.2,3.5,3.2,1.2,0.7,0.4,2.6,0.5,4.9,2.8,16.6,0.7,2.1,1.5,8.8,4.3,1.1,2.0,0.3,0.4,2.6,0.7,5.4,1.6,1.0,0.0,0.2,2.5,0.1,0.1,0.1,0.0
50,MFS51,67.0,64.0,24.0,38.0,39.0,47.0,116.0,44.0,33.0,15.0,7.0,44.0,18.0,16.0,34.0,35.0,15.0,25.0,6.0,0.0,17.0,29.0,16.0,75.0,65.0,89.0,139.0,24.0,18.0,43.0,58.0,71.0,83.0,68.0,76.0,9.0,13.0,14.0,3.0,0.0,82.0,27.0,9.0,3.0,13.0,24.0,13.0,110.0,199.0,62.0,285.0,183.0,27.0,28.0,96.0,37.0,45.0,36.0,6.0,0.0,42.0,57.0,18.0,12.0,5.0,0.0,0.0,0.0,0.0,0.0,133.2,31.5,32.9,68.5,23.3,28.1,53.3,40.9,22.6,22.1,15.4,23.0,58.0,62.0,14.0,74.8,15.1,3.4,4.7,14.3,22.3,10.8,5.6,7.1,9.1,4.3,36.5,5.4,8.4,11.2,8.2,6.5,9.9,8.2,7.5,2.9,1.5,1.0,6.1,1.3,11.3,6.5,38.7,1.6,5.0,3.5,20.4,9.9,2.6,4.7,0.6,0.9,5.9,1.6,12.5,3.7,2.4,0.1,0.6,5.9,0.2,0.1,0.2,0.0
51,MFS52,43.0,31.0,14.0,33.0,7.0,25.0,171.0,13.0,6.0,0.0,10.0,0.0,9.0,13.0,5.0,32.0,0.0,13.0,3.0,0.0,9.0,20.0,44.0,53.0,30.0,36.0,92.0,3.0,22.0,30.0,22.0,36.0,106.0,27.0,101.0,8.0,0.0,9.0,0.0,3.0,54.0,38.0,7.0,0.0,3.0,12.0,6.0,166.0,28.0,297.0,72.0,1463.0,157.0,12.0,49.0,35.0,24.0,12.0,3.0,0.0,34.0,22.0,12.0,6.0,0.0,0.0,0.0,0.0,0.0,0.0,51.5,12.2,12.7,26.5,9.0,10.9,20.6,15.0,8.3,8.1,5.6,8.2,20.8,48.0,10.9,58.5,11.8,2.6,3.6,11.2,17.5,8.4,4.4,5.5,7.1,3.3,28.5,4.2,6.5,8.7,6.4,5.1,7.7,6.4,5.8,2.3,1.2,0.8,4.8,1.0,8.8,5.1,30.2,1.3,3.9,2.8,15.9,7.8,2.0,3.7,0.5,0.7,4.6,1.2,9.8,2.9,1.8,0.1,0.4,4.6,0.2,0.1,0.2,0.0
52,MFS53,31.0,40.0,51.0,0.0,0.0,5.0,9.0,30.0,13.0,0.0,0.0,0.0,11.0,16.0,14.0,9.0,3.0,26.0,11.0,0.0,0.0,4.0,6.0,23.0,23.0,17.0,8.0,0.0,0.0,7.0,34.0,28.0,52.0,3.0,97.0,25.0,6.0,18.0,0.0,0.0,7.0,5.0,0.0,3.0,0.0,21.0,10.0,115.0,18.0,51.0,3.0,130.0,323.0,16.0,29.0,2.0,3.0,9.0,0.0,0.0,6.0,3.0,3.0,4.0,9.0,0.0,0.0,0.0,0.0,0.0,7.6,1.8,1.9,3.9,1.3,1.6,3.0,4.5,2.5,2.4,1.7,2.3,5.7,6.0,3.4,18.2,3.7,0.8,1.1,3.5,5.4,2.6,1.4,1.7,2.2,1.0,8.9,1.3,2.0,2.7,2.0,1.6,2.4,2.0,1.8,0.7,0.4,0.2,1.5,0.3,2.8,1.6,9.4,0.4,1.2,0.9,5.0,2.4,0.6,1.2,0.1,0.2,1.4,0.4,3.0,0.9,0.6,0.0,0.1,1.5,0.1,0.0,0.1,0.0
53,MFS54,59.0,40.0,122.0,75.0,19.0,21.0,49.0,39.0,7.0,7.0,36.0,52.0,16.0,1381.0,43.0,23.0,29.0,8.0,21.0,0.0,12.0,27.0,15.0,67.0,23.0,74.0,101.0,2.0,22.0,24.0,43.0,109.0,47.0,23.0,66.0,29.0,26.0,20.0,3.0,12.0,102.0,20.0,26.0,3.0,12.0,146.0,16.0,124.0,43.0,12.0,42.0,32.0,48.0,1806.0,232.0,28.0,129.0,250.0,9.0,0.0,71.0,38.0,34.0,41.0,13.0,0.0,0.0,0.0,0.0,0.0,181.1,42.8,44.8,93.1,31.7,38.2,72.4,82.2,45.5,44.5,30.9,29.8,75.2,119.0,22.7,121.9,24.6,5.5,7.6,23.3,36.4,17.6,9.1,11.5,14.9,7.0,59.4,8.8,13.6,18.2,13.3,10.6,16.1,13.3,12.2,4.7,2.5,1.7,10.0,2.0,18.4,10.7,63.0,2.7,8.1,5.8,33.2,16.2,4.2,7.7,1.0,1.4,9.6,2.6,20.4,6.0,3.8,0.1,0.9,9.6,0.4,0.2,0.4,0.0
54,MFS55,338.0,118.0,61.0,120.0,16.0,61.0,150.0,88.0,24.0,13.0,15.0,5.0,19.0,13.0,33.0,27.0,3.0,28.0,8.0,3.0,16.0,38.0,23.0,78.0,63.0,78.0,62.0,4.0,11.0,8.0,66.0,35.0,41.0,6.0,145.0,19.0,14.0,11.0,16.0,2.0,28.0,22.0,4.0,4.0,16.0,37.0,44.0,667.0,174.0,162.0,46.0,186.0,55.0,375.0,5463.0,193.0,41.0,51.0,10.0,0.0,155.0,84.0,15.0,140.0,729.0,0.0,0.0,0.0,0.0,0.0,273.2,64.5,67.6,140.4,47.8,57.7,109.3,62.4,34.5,33.7,23.4,27.5,69.5,128.0,22.6,121.0,24.4,5.4,7.5,23.2,36.1,17.5,9.0,11.4,14.8,6.9,59.0,8.7,13.5,18.1,13.2,10.5,16.0,13.2,12.1,4.7,2.5,1.7,9.9,2.0,18.3,10.6,62.5,2.6,8.1,5.7,32.9,16.0,4.2,7.7,1.0,1.4,9.6,2.6,20.2,6.0,3.8,0.1,0.9,9.5,0.4,0.2,0.4,0.0
55,MFS56,22.0,33.0,24.0,30.0,18.0,30.0,29.0,17.0,28.0,13.0,14.0,11.0,15.0,28.0,51.0,11.0,0.0,19.0,11.0,0.0,25.0,22.0,28.0,36.0,22.0,32.0,53.0,0.0,16.0,12.0,24.0,42.0,29.0,29.0,31.0,1.0,11.0,6.0,3.0,0.0,47.0,13.0,3.0,0.0,0.0,3.0,3.0,64.0,183.0,62.0,47.0,55.0,13.0,32.0,146.0,731.0,32.0,32.0,3.0,0.0,146.0,169.0,44.0,53.0,11.0,0.0,0.0,0.0,0.0,0.0,73.8,17.4,18.2,37.9,12.9,15.6,29.5,20.2,11.2,10.9,7.6,39.5,99.5,57.0,10.8,58.1,11.7,2.6,3.6,11.1,17.4,8.4,4.3,5.5,7.1,3.3,28.3,4.2,6.5,8.7,6.4,5.1,7.7,6.4,5.8,2.3,1.2,0.8,4.8,1.0,8.8,5.1,30.1,1.3,3.9,2.8,15.8,7.7,2.0,3.7,0.5,0.7,4.6,1.2,9.7,2.9,1.8,0.1,0.4,4.6,0.2,0.1,0.2,0.0
56,MFS57,135.0,91.0,61.0,106.0,20.0,132.0,108.0,156.0,72.0,41.0,19.0,33.0,35.0,49.0,39.0,63.0,3.0,55.0,49.0,6.0,43.0,78.0,63.0,153.0,148.0,461.0,191.0,23.0,78.0,142.0,29.0,104.0,69.0,53.0,72.0,26.0,24.0,100.0,25.0,3.0,247.0,437.0,326.0,43.0,11.0,31.0,66.0,59.0,54.0,26.0,35.0,27.0,0.0,30.0,145.0,36.0,9168.0,1862.0,765.0,94.0,185.0,177.0,146.0,78.0,14.0,0.0,0.0,0.0,0.0,0.0,343.1,81.0,84.8,176.3,60.0,72.4,137.2,213.8,118.3,115.6,80.3,168.4,424.6,279.0,61.4,329.2,66.3,14.7,20.5,63.1,98.3,47.5,24.6,31.1,40.1,18.8,160.5,23.7,36.9,49.1,36.0,28.7,43.4,36.0,33.0,12.7,6.7,4.5,27.0,5.5,49.8,28.8,170.1,7.2,22.0,15.6,89.6,43.6,11.3,20.9,2.6,3.9,26.0,6.9,55.0,16.3,10.4,0.3,2.5,26.0,1.1,0.6,1.0,0.0
57,MFS58,53.0,87.0,55.0,71.0,19.0,31.0,64.0,63.0,26.0,69.0,27.0,16.0,7.0,9.0,20.0,272.0,4.0,53.0,14.0,0.0,6.0,16.0,42.0,191.0,68.0,451.0,109.0,12.0,69.0,128.0,23.0,55.0,47.0,44.0,24.0,25.0,13.0,15.0,0.0,10.0,318.0,283.0,68.0,33.0,0.0,6.0,13.0,23.0,91.0,12.0,18.0,104.0,2.0,22.0,25.0,101.0,1052.0,5023.0,142.0,7.0,210.0,203.0,540.0,219.0,9.0,0.0,0.0,0.0,0.0,0.0,156.6,37.0,38.7,80.5,27.4,33.1,62.6,69.7,38.5,37.7,26.1,61.9,156.1,81.0,35.2,188.9,38.1,8.5,11.7,36.2,56.4,27.3,14.1,17.9,23.0,10.8,92.1,13.6,21.1,28.2,20.7,16.4,24.9,20.7,18.9,7.3,3.9,2.6,15.5,3.2,28.6,16.5,97.6,4.1,12.6,9.0,51.4,25.0,6.5,12.0,1.5,2.2,14.9,4.0,31.6,9.3,6.0,0.2,1.4,14.9,0.6,0.3,0.6,0.0
58,MFS65,0.0,0.0,0.0,0.0,0.0,0.0,0.0,12.0,0.0,0.0,0.0,6.0,3.0,0.0,0.0,0.0,0.0,0.0,0.0,0.0,0.0,0.0,0.0,0.0,0.0,2.0,6.0,0.0,3.0,0.0,0.0,0.0,0.0,0.0,0.0,0.0,0.0,0.0,0.0,0.0,0.0,21.0,0.0,0.0,0.0,0.0,2.0,0.0,0.0,0.0,0.0,10.0,0.0,0.0,0.0,0.0,78.0,26.0,0.0,0.0,0.0,0.0,40.0,0.0,0.0,0.0,0.0,0.0,0.0,0.0,0.0,0.0,0.0,0.0,0.0,0.0,0.0,0.0,0.0,0.0,0.0,0.0,0.0,0.0,0.0,0.0,0.0,0.0,0.0,0.0,0.0,0.0,0.0,0.0,0.0,0.0,0.0,0.0,0.0,0.0,0.0,0.0,0.0,0.0,0.0,0.0,0.0,0.0,0.0,0.0,0.0,0.0,0.0,0.0,0.0,0.0,0.0,0.0,0.0,0.0,0.0,0.0,0.0,0.0,0.0,0.0,0.0,0.0,0.0,0.0,0.0,0.0,0.0,0.0
59,MFS66,0.0,0.0,0.0,0.0,0.0,0.0,0.0,0.0,0.0,0.0,0.0,0.0,0.0,0.0,0.0,0.0,0.0,0.0,0.0,0.0,0.0,0.0,0.0,0.0,0.0,0.0,0.0,0.0,0.0,0.0,0.0,0.0,0.0,0.0,0.0,0.0,0.0,0.0,0.0,0.0,0.0,0.0,0.0,0.0,0.0,0.0,0.0,0.0,0.0,0.0,0.0,0.0,0.0,0.0,0.0,0.0,3.0,0.0,0.0,0.0,0.0,0.0,0.0,0.0,0.0,0.0,0.0,0.0,0.0,0.0,0.0,0.0,0.0,0.0,0.0,0.0,0.0,0.0,0.0,0.0,0.0,0.0,0.0,0.0,0.0,0.0,0.0,0.0,0.0,0.0,0.0,0.0,0.0,0.0,0.0,0.0,0.0,0.0,0.0,0.0,0.0,0.0,0.0,0.0,0.0,0.0,0.0,0.0,0.0,0.0,0.0,0.0,0.0,0.0,0.0,0.0,0.0,0.0,0.0,0.0,0.0,0.0,0.0,0.0,0.0,0.0,0.0,0.0,0.0,0.0,0.0,0.0,0.0,0.0
60,MFS59,157.0,125.0,105.0,233.0,33.0,133.0,145.0,87.0,91.0,4.0,27.0,22.0,26.0,61.0,66.0,60.0,39.0,76.0,26.0,0.0,44.0,146.0,110.0,113.0,97.0,263.0,180.0,31.0,68.0,35.0,63.0,97.0,106.0,40.0,77.0,8.0,19.0,35.0,9.0,8.0,133.0,102.0,45.0,30.0,21.0,42.0,42.0,118.0,90.0,43.0,95.0,112.0,26.0,188.0,261.0,313.0,291.0,217.0,71.0,5.0,4897.0,1435.0,327.0,2157.0,51.0,0.0,0.0,0.0,0.0,0.0,302.8,71.5,74.8,155.6,53.0,63.9,121.1,102.5,56.7,55.4,38.5,48.6,122.4,212.0,32.6,174.9,35.2,7.8,10.9,33.5,52.2,25.2,13.1,16.5,21.3,10.0,85.3,12.6,19.6,26.1,19.1,15.2,23.1,19.1,17.5,6.7,3.6,2.4,14.3,2.9,26.4,15.3,90.4,3.8,11.7,8.3,47.6,23.2,6.0,11.1,1.4,2.1,13.8,3.7,29.2,8.7,5.5,0.2,1.3,13.8,0.6,0.3,0.5,0.0
61,MFS60,72.0,90.0,39.0,127.0,4.0,45.0,64.0,66.0,41.0,5.0,7.0,50.0,24.0,42.0,51.0,67.0,43.0,70.0,21.0,12.0,116.0,33.0,31.0,121.0,37.0,91.0,100.0,10.0,19.0,53.0,79.0,143.0,19.0,39.0,68.0,14.0,19.0,23.0,16.0,0.0,179.0,67.0,5.0,0.0,9.0,6.0,27.0,65.0,348.0,44.0,111.0,39.0,3.0,10.0,98.0,301.0,157.0,163.0,5.0,0.0,848.0,2039.0,134.0,179.0,27.0,0.0,0.0,0.0,0.0,0.0,234.4,55.3,57.9,120.4,41.0,49.5,93.7,74.9,41.4,40.5,28.1,56.8,143.2,172.0,32.2,172.7,34.8,7.7,10.7,33.1,51.6,24.9,12.9,16.3,21.1,9.9,84.2,12.5,19.3,25.8,18.9,15.0,22.8,18.9,17.3,6.7,3.5,2.4,14.1,2.9,26.1,15.1,89.2,3.8,11.5,8.2,47.0,22.9,5.9,11.0,1.4,2.0,13.7,3.6,28.9,8.6,5.5,0.2,1.3,13.6,0.6,0.3,0.5,0.0
62,MFS61,38.0,18.0,7.0,45.0,15.0,11.0,49.0,19.0,10.0,13.0,7.0,1.0,19.0,4.0,12.0,52.0,16.0,26.0,3.0,0.0,6.0,13.0,40.0,109.0,93.0,40.0,383.0,13.0,11.0,37.0,35.0,60.0,4.0,10.0,27.0,3.0,103.0,0.0,32.0,4.0,90.0,57.0,18.0,4.0,10.0,33.0,3.0,42.0,45.0,4.0,5.0,7.0,4.0,4.0,26.0,16.0,309.0,1017.0,0.0,0.0,149.0,322.0,1029.0,43.0,7.0,0.0,0.0,0.0,0.0,0.0,110.5,26.1,27.3,56.8,19.3,23.3,44.2,30.8,17.0,16.6,11.6,25.8,65.2,99.0,10.6,56.9,11.5,2.5,3.5,10.9,17.0,8.2,4.2,5.4,6.9,3.3,27.8,4.1,6.4,8.5,6.2,5.0,7.5,6.2,5.7,2.2,1.2,0.8,4.7,1.0,8.6,5.0,29.4,1.2,3.8,2.7,15.5,7.6,2.0,3.6,0.5,0.7,4.5,1.2,9.5,2.8,1.8,0.1,0.4,4.5,0.2,0.1,0.2,0.0
63,MFS64,0.0,3.0,5.0,3.0,39.0,4.0,4.0,15.0,17.0,3.0,2.0,3.0,9.0,0.0,0.0,27.0,4.0,16.0,3.0,0.0,8.0,17.0,5.0,9.0,9.0,9.0,30.0,0.0,22.0,0.0,0.0,8.0,4.0,0.0,3.0,4.0,4.0,0.0,0.0,0.0,13.0,34.0,0.0,6.0,0.0,5.0,2.0,1.0,9.0,39.0,3.0,19.0,4.0,29.0,15.0,14.0,48.0,44.0,0.0,0.0,363.0,72.0,23.0,0.0,0.0,0.0,0.0,0.0,0.0,0.0,0.0,0.0,0.0,0.0,0.0,0.0,0.0,0.0,0.0,0.0,0.0,0.0,0.0,0.0,0.0,0.0,0.0,0.0,0.0,0.0,0.0,0.0,0.0,0.0,0.0,0.0,0.0,0.0,0.0,0.0,0.0,0.0,0.0,0.0,0.0,0.0,0.0,0.0,0.0,0.0,0.0,0.0,0.0,0.0,0.0,0.0,0.0,0.0,0.0,0.0,0.0,0.0,0.0,0.0,0.0,0.0,0.0,0.0,0.0,0.0,0.0,0.0,0.0,0.0
64,MFS63,0.0,0.0,0.0,0.0,0.0,0.0,0.0,0.0,8.0,0.0,0.0,4.0,3.0,0.0,0.0,5.0,0.0,10.0,0.0,0.0,6.0,4.0,19.0,4.0,3.0,13.0,24.0,3.0,0.0,4.0,0.0,4.0,13.0,3.0,8.0,0.0,6.0,0.0,0.0,0.0,8.0,4.0,3.0,9.0,4.0,3.0,0.0,15.0,1.0,1.0,3.0,0.0,0.0,20.0,175.0,3.0,12.0,13.0,0.0,0.0,19.0,10.0,0.0,0.0,0.0,0.0,0.0,0.0,0.0,0.0,0.0,0.0,0.0,0.0,0.0,0.0,0.0,0.0,0.0,0.0,0.0,0.0,0.0,0.0,0.0,0.0,0.0,0.0,0.0,0.0,0.0,0.0,0.0,0.0,0.0,0.0,0.0,0.0,0.0,0.0,0.0,0.0,0.0,0.0,0.0,0.0,0.0,0.0,0.0,0.0,0.0,0.0,0.0,0.0,0.0,0.0,0.0,0.0,0.0,0.0,0.0,0.0,0.0,0.0,0.0,0.0,0.0,0.0,0.0,0.0,0.0,0.0,0.0,0.0
65,MFS67,0.0,0.0,0.0,0.0,0.0,0.0,0.0,0.0,0.0,0.0,0.0,0.0,0.0,0.0,0.0,0.0,0.0,0.0,0.0,0.0,0.0,0.0,0.0,0.0,0.0,0.0,0.0,0.0,0.0,0.0,0.0,0.0,0.0,0.0,0.0,0.0,0.0,0.0,0.0,0.0,0.0,0.0,0.0,0.0,0.0,0.0,0.0,0.0,0.0,0.0,0.0,0.0,0.0,0.0,0.0,0.0,0.0,0.0,0.0,0.0,0.0,0.0,0.0,0.0,0.0,0.0,0.0,0.0,0.0,0.0,0.0,0.0,0.0,0.0,0.0,0.0,0.0,0.0,0.0,0.0,0.0,0.0,0.0,0.0,0.0,0.0,0.0,0.0,0.0,0.0,0.0,0.0,0.0,0.0,0.0,0.0,0.0,0.0,0.0,0.0,0.0,0.0,0.0,0.0,0.0,0.0,0.0,0.0,0.0,0.0,0.0,0.0,0.0,0.0,0.0,0.0,0.0,0.0,0.0,0.0,0.0,0.0,0.0,0.0,0.0,0.0,0.0,0.0,0.0,0.0,0.0,0.0,0.0,0.0
66,MFS68,0.0,0.0,0.0,0.0,0.0,0.0,0.0,0.0,0.0,0.0,0.0,0.0,0.0,0.0,0.0,0.0,0.0,0.0,0.0,0.0,0.0,0.0,0.0,0.0,0.0,0.0,0.0,0.0,0.0,0.0,0.0,0.0,0.0,0.0,0.0,0.0,0.0,0.0,0.0,0.0,0.0,0.0,0.0,0.0,0.0,0.0,0.0,0.0,0.0,0.0,0.0,0.0,0.0,0.0,0.0,0.0,0.0,0.0,0.0,0.0,0.0,0.0,0.0,0.0,0.0,0.0,0.0,0.0,0.0,0.0,0.0,0.0,0.0,0.0,0.0,0.0,0.0,0.0,0.0,0.0,0.0,0.0,0.0,0.0,0.0,0.0,0.0,0.0,0.0,0.0,0.0,0.0,0.0,0.0,0.0,0.0,0.0,0.0,0.0,0.0,0.0,0.0,0.0,0.0,0.0,0.0,0.0,0.0,0.0,0.0,0.0,0.0,0.0,0.0,0.0,0.0,0.0,0.0,0.0,0.0,0.0,0.0,0.0,0.0,0.0,0.0,0.0,0.0,0.0,0.0,0.0,0.0,0.0,0.0
67,MFS69,0.0,0.0,0.0,0.0,0.0,0.0,0.0,0.0,0.0,0.0,0.0,0.0,0.0,0.0,0.0,0.0,0.0,0.0,0.0,0.0,0.0,0.0,0.0,0.0,0.0,0.0,0.0,0.0,0.0,0.0,0.0,0.0,0.0,0.0,0.0,0.0,0.0,0.0,0.0,0.0,0.0,0.0,0.0,0.0,0.0,0.0,0.0,0.0,0.0,0.0,0.0,0.0,0.0,0.0,0.0,0.0,0.0,0.0,0.0,0.0,0.0,0.0,0.0,0.0,0.0,0.0,0.0,0.0,0.0,0.0,0.0,0.0,0.0,0.0,0.0,0.0,0.0,0.0,0.0,0.0,0.0,0.0,0.0,0.0,0.0,0.0,0.0,0.0,0.0,0.0,0.0,0.0,0.0,0.0,0.0,0.0,0.0,0.0,0.0,0.0,0.0,0.0,0.0,0.0,0.0,0.0,0.0,0.0,0.0,0.0,0.0,0.0,0.0,0.0,0.0,0.0,0.0,0.0,0.0,0.0,0.0,0.0,0.0,0.0,0.0,0.0,0.0,0.0,0.0,0.0,0.0,0.0,0.0,0.0
68,MFS70,0.0,0.0,0.0,0.0,0.0,0.0,0.0,0.0,0.0,0.0,0.0,0.0,0.0,0.0,0.0,0.0,0.0,0.0,0.0,0.0,0.0,0.0,0.0,0.0,0.0,0.0,0.0,0.0,0.0,0.0,0.0,0.0,0.0,0.0,0.0,0.0,0.0,0.0,0.0,0.0,0.0,0.0,0.0,0.0,0.0,0.0,0.0,0.0,0.0,0.0,0.0,0.0,0.0,0.0,0.0,0.0,0.0,0.0,0.0,0.0,0.0,0.0,0.0,0.0,0.0,0.0,0.0,0.0,0.0,0.0,0.0,0.0,0.0,0.0,0.0,0.0,0.0,0.0,0.0,0.0,0.0,0.0,0.0,0.0,0.0,0.0,0.0,0.0,0.0,0.0,0.0,0.0,0.0,0.0,0.0,0.0,0.0,0.0,0.0,0.0,0.0,0.0,0.0,0.0,0.0,0.0,0.0,0.0,0.0,0.0,0.0,0.0,0.0,0.0,0.0,0.0,0.0,0.0,0.0,0.0,0.0,0.0,0.0,0.0,0.0,0.0,0.0,0.0,0.0,0.0,0.0,0.0,0.0,0.0
69,MFS71,0.0,0.0,0.0,0.0,0.0,0.0,0.0,0.0,0.0,0.0,0.0,0.0,0.0,0.0,0.0,0.0,0.0,0.0,0.0,0.0,0.0,0.0,0.0,0.0,0.0,0.0,0.0,0.0,0.0,0.0,0.0,0.0,0.0,0.0,0.0,0.0,0.0,0.0,0.0,0.0,0.0,0.0,0.0,0.0,0.0,0.0,0.0,0.0,0.0,0.0,0.0,0.0,0.0,0.0,0.0,0.0,0.0,0.0,0.0,0.0,0.0,0.0,0.0,0.0,0.0,0.0,0.0,0.0,0.0,0.0,0.0,0.0,0.0,0.0,0.0,0.0,0.0,0.0,0.0,0.0,0.0,0.0,0.0,0.0,0.0,0.0,0.0,0.0,0.0,0.0,0.0,0.0,0.0,0.0,0.0,0.0,0.0,0.0,0.0,0.0,0.0,0.0,0.0,0.0,0.0,0.0,0.0,0.0,0.0,0.0,0.0,0.0,0.0,0.0,0.0,0.0,0.0,0.0,0.0,0.0,0.0,0.0,0.0,0.0,0.0,0.0,0.0,0.0,0.0,0.0,0.0,0.0,0.0,0.0
70,PRF01,123.8,227.9,24.1,112.3,47.5,574.6,72.4,98.6,73.4,32.4,21.6,293.4,28.1,48.6,50.0,47.2,21.2,29.9,4.7,1.4,87.1,87.5,67.3,71.6,60.8,109.4,87.8,24.5,36.7,44.3,43.6,120.2,45.7,16.2,81.4,17.3,20.5,16.9,9.4,23.8,104.8,92.5,8.3,38.9,16.6,23.0,63.4,34.2,35.6,38.9,51.5,9.0,14.4,21.2,99.4,35.6,140.4,74.5,0.0,0.0,83.9,58.3,40.3,0.0,0.0,0.0,0.0,0.0,0.0,0.0,3706.5,113.3,80.7,102.5,49.7,40.1,67.6,0.0,0.0,0.0,0.0,0.0,0.0,0.0,0.0,0.0,0.0,0.0,0.0,0.0,0.0,0.0,0.0,0.0,0.0,0.0,0.0,0.0,0.0,0.0,0.0,0.0,0.0,0.0,0.0,0.0,0.0,0.0,0.0,0.0,0.0,0.0,0.0,0.0,0.0,0.0,0.0,0.0,0.0,0.0,0.0,0.0,0.0,0.0,0.0,0.0,0.0,0.0,0.0,0.0,0.0,0.0,0.0,0.0
71,PRF02,29.2,53.8,5.7,26.5,11.2,135.7,17.1,23.3,17.3,7.7,5.1,69.3,6.6,11.5,11.8,11.1,5.0,7.1,1.1,0.3,20.6,20.7,15.9,16.9,14.4,25.8,20.7,5.8,8.7,10.5,10.3,28.4,10.8,3.8,19.2,4.1,4.8,4.0,2.2,5.6,24.7,21.8,2.0,9.2,3.9,5.4,15.0,8.1,8.4,9.2,12.2,2.1,3.4,5.0,23.5,8.4,33.2,17.6,0.0,0.0,19.8,13.8,9.5,0.0,0.0,0.0,0.0,0.0,0.0,0.0,113.3,875.1,105.9,67.7,71.2,27.1,39.8,0.0,0.0,0.0,0.0,0.0,0.0,0.0,0.0,0.0,0.0,0.0,0.0,0.0,0.0,0.0,0.0,0.0,0.0,0.0,0.0,0.0,0.0,0.0,0.0,0.0,0.0,0.0,0.0,0.0,0.0,0.0,0.0,0.0,0.0,0.0,0.0,0.0,0.0,0.0,0.0,0.0,0.0,0.0,0.0,0.0,0.0,0.0,0.0,0.0,0.0,0.0,0.0,0.0,0.0,0.0,0.0,0.0
72,PRF03,30.6,56.3,6.0,27.8,11.7,142.0,17.9,24.4,18.2,8.0,5.3,72.5,6.9,12.0,12.4,11.7,5.3,7.4,1.2,0.4,21.5,21.6,16.6,17.7,15.0,27.1,21.7,6.1,9.1,10.9,10.8,29.7,11.3,4.0,20.1,4.3,5.1,4.2,2.3,5.9,25.9,22.9,2.0,9.6,4.1,5.7,15.7,8.5,8.8,9.6,12.7,2.2,3.6,5.3,24.6,8.8,34.7,18.4,0.0,0.0,20.7,14.4,10.0,0.0,0.0,0.0,0.0,0.0,0.0,0.0,80.7,105.9,916.3,166.2,135.6,59.2,78.3,0.0,0.0,0.0,0.0,0.0,0.0,0.0,0.0,0.0,0.0,0.0,0.0,0.0,0.0,0.0,0.0,0.0,0.0,0.0,0.0,0.0,0.0,0.0,0.0,0.0,0.0,0.0,0.0,0.0,0.0,0.0,0.0,0.0,0.0,0.0,0.0,0.0,0.0,0.0,0.0,0.0,0.0,0.0,0.0,0.0,0.0,0.0,0.0,0.0,0.0,0.0,0.0,0.0,0.0,0.0,0.0,0.0
73,PRF04,63.6,117.1,12.4,57.7,24.4,295.3,37.2,50.7,37.7,16.6,11.1,150.8,14.4,25.0,25.7,24.2,10.9,15.4,2.4,0.7,44.8,45.0,34.6,36.8,31.3,56.2,45.1,12.6,18.9,22.8,22.4,61.8,23.5,8.3,41.8,8.9,10.5,8.7,4.8,12.2,53.8,47.5,4.3,20.0,8.5,11.8,32.6,17.6,18.3,20.0,26.5,4.6,7.4,10.9,51.1,18.3,72.2,38.3,0.0,0.0,43.1,30.0,20.7,0.0,0.0,0.0,0.0,0.0,0.0,0.0,102.5,67.7,166.2,1904.7,104.2,818.9,986.7,0.0,0.0,0.0,0.0,0.0,0.0,0.0,0.0,0.0,0.0,0.0,0.0,0.0,0.0,0.0,0.0,0.0,0.0,0.0,0.0,0.0,0.0,0.0,0.0,0.0,0.0,0.0,0.0,0.0,0.0,0.0,0.0,0.0,0.0,0.0,0.0,0.0,0.0,0.0,0.0,0.0,0.0,0.0,0.0,0.0,0.0,0.0,0.0,0.0,0.0,0.0,0.0,0.0,0.0,0.0,0.0,0.0
74,PRF05,21.7,39.9,4.2,19.7,8.3,100.5,12.7,17.3,12.9,5.7,3.8,51.3,4.9,8.5,8.8,8.3,3.7,5.2,0.8,0.3,15.2,15.3,11.8,12.5,10.6,19.2,15.4,4.3,6.4,7.7,7.6,21.0,8.0,2.8,14.2,3.0,3.6,3.0,1.6,4.2,18.3,16.2,1.4,6.8,2.9,4.0,11.1,6.0,6.2,6.8,9.0,1.6,2.5,3.7,17.4,6.2,24.6,13.0,0.0,0.0,14.7,10.2,7.1,0.0,0.0,0.0,0.0,0.0,0.0,0.0,49.7,71.2,135.6,104.2,648.6,46.2,56.7,0.0,0.0,0.0,0.0,0.0,0.0,0.0,0.0,0.0,0.0,0.0,0.0,0.0,0.0,0.0,0.0,0.0,0.0,0.0,0.0,0.0,0.0,0.0,0.0,0.0,0.0,0.0,0.0,0.0,0.0,0.0,0.0,0.0,0.0,0.0,0.0,0.0,0.0,0.0,0.0,0.0,0.0,0.0,0.0,0.0,0.0,0.0,0.0,0.0,0.0,0.0,0.0,0.0,0.0,0.0,0.0,0.0
75,PRF06,26.1,48.1,5.1,23.7,10.0,121.3,15.3,20.8,15.5,6.8,4.6,61.9,5.9,10.3,10.6,10.0,4.5,6.3,1.0,0.3,18.4,18.5,14.2,15.1,12.8,23.1,18.5,5.2,7.8,9.3,9.2,25.4,9.7,3.4,17.2,3.6,4.3,3.6,2.0,5.0,22.1,19.5,1.7,8.2,3.5,4.9,13.4,7.2,7.5,8.2,10.9,1.9,3.0,4.5,21.0,7.5,29.6,15.7,0.0,0.0,17.7,12.3,8.5,0.0,0.0,0.0,0.0,0.0,0.0,0.0,40.1,27.1,59.2,818.9,46.2,782.5,542.6,0.0,0.0,0.0,0.0,0.0,0.0,0.0,0.0,0.0,0.0,0.0,0.0,0.0,0.0,0.0,0.0,0.0,0.0,0.0,0.0,0.0,0.0,0.0,0.0,0.0,0.0,0.0,0.0,0.0,0.0,0.0,0.0,0.0,0.0,0.0,0.0,0.0,0.0,0.0,0.0,0.0,0.0,0.0,0.0,0.0,0.0,0.0,0.0,0.0,0.0,0.0,0.0,0.0,0.0,0.0,0.0,0.0
76,PRF07,49.5,91.2,9.6,44.9,19.0,229.8,28.9,39.5,29.4,13.0,8.6,117.4,11.2,19.4,20.0,18.9,8.5,12.0,1.9,0.6,34.8,35.0,26.9,28.7,24.3,43.8,35.1,9.8,14.7,17.7,17.4,48.1,18.3,6.5,32.5,6.9,8.2,6.8,3.7,9.5,41.9,37.0,3.3,15.6,6.6,9.2,25.3,13.7,14.3,15.6,20.6,3.6,5.8,8.5,39.7,14.3,56.2,29.8,0.0,0.0,33.6,23.3,16.1,0.0,0.0,0.0,0.0,0.0,0.0,0.0,67.6,39.8,78.3,986.7,56.7,542.6,1482.6,0.0,0.0,0.0,0.0,0.0,0.0,0.0,0.0,0.0,0.0,0.0,0.0,0.0,0.0,0.0,0.0,0.0,0.0,0.0,0.0,0.0,0.0,0.0,0.0,0.0,0.0,0.0,0.0,0.0,0.0,0.0,0.0,0.0,0.0,0.0,0.0,0.0,0.0,0.0,0.0,0.0,0.0,0.0,0.0,0.0,0.0,0.0,0.0,0.0,0.0,0.0,0.0,0.0,0.0,0.0,0.0,0.0
77,PRF15,143.0,39.3,22.7,92.7,4.1,48.2,37.7,50.6,32.0,25.9,25.5,42.1,8.9,18.2,17.8,12.6,12.2,38.1,4.1,4.1,25.5,40.5,32.0,34.8,34.0,65.2,57.9,8.1,18.2,36.0,23.9,25.9,15.8,8.1,45.4,8.1,19.4,24.3,12.2,6.9,76.1,37.7,23.9,3.6,8.5,11.3,26.3,9.7,23.1,6.5,13.0,4.9,10.1,19.0,48.2,10.9,135.3,50.6,0.0,0.0,37.7,34.8,24.7,0.0,0.0,0.0,0.0,0.0,0.0,0.0,0.0,0.0,0.0,0.0,0.0,0.0,0.0,4169.8,620.9,443.7,204.4,0.0,0.0,0.0,0.0,0.0,0.0,0.0,0.0,0.0,0.0,0.0,0.0,0.0,0.0,0.0,0.0,0.0,0.0,0.0,0.0,0.0,0.0,0.0,0.0,0.0,0.0,0.0,0.0,0.0,0.0,0.0,0.0,0.0,0.0,0.0,0.0,0.0,0.0,0.0,0.0,0.0,0.0,0.0,0.0,0.0,0.0,0.0,0.0,0.0,0.0,0.0,0.0,0.0
78,PRF16,79.1,21.7,12.5,51.3,2.2,26.7,20.8,28.0,17.7,14.3,14.1,23.3,4.9,10.1,9.9,6.9,6.7,21.1,2.2,2.2,14.1,22.4,17.7,19.3,18.8,36.1,32.0,4.5,10.1,19.9,13.2,14.3,8.7,4.5,25.1,4.5,10.8,13.4,6.7,3.8,42.1,20.8,13.2,2.0,4.7,6.3,14.6,5.4,12.8,3.6,7.2,2.7,5.6,10.5,26.7,6.0,74.8,28.0,0.0,0.0,20.8,19.3,13.7,0.0,0.0,0.0,0.0,0.0,0.0,0.0,0.0,0.0,0.0,0.0,0.0,0.0,0.0,620.9,2306.2,2605.3,474.9,0.0,0.0,0.0,0.0,0.0,0.0,0.0,0.0,0.0,0.0,0.0,0.0,0.0,0.0,0.0,0.0,0.0,0.0,0.0,0.0,0.0,0.0,0.0,0.0,0.0,0.0,0.0,0.0,0.0,0.0,0.0,0.0,0.0,0.0,0.0,0.0,0.0,0.0,0.0,0.0,0.0,0.0,0.0,0.0,0.0,0.0,0.0,0.0,0.0,0.0,0.0,0.0,0.0
79,PRF17,77.3,21.2,12.3,50.2,2.2,26.1,20.4,27.4,17.3,14.0,13.8,22.8,4.8,9.9,9.6,6.8,6.6,20.6,2.2,2.2,13.8,21.9,17.3,18.8,18.4,35.3,31.3,4.4,9.9,19.5,12.9,14.0,8.5,4.4,24.5,4.4,10.5,13.1,6.6,3.7,41.2,20.4,12.9,2.0,4.6,6.1,14.2,5.3,12.5,3.5,7.0,2.6,5.5,10.3,26.1,5.9,73.1,27.4,0.0,0.0,20.4,18.8,13.4,0.0,0.0,0.0,0.0,0.0,0.0,0.0,0.0,0.0,0.0,0.0,0.0,0.0,0.0,443.7,2605.3,2254.8,801.1,0.0,0.0,0.0,0.0,0.0,0.0,0.0,0.0,0.0,0.0,0.0,0.0,0.0,0.0,0.0,0.0,0.0,0.0,0.0,0.0,0.0,0.0,0.0,0.0,0.0,0.0,0.0,0.0,0.0,0.0,0.0,0.0,0.0,0.0,0.0,0.0,0.0,0.0,0.0,0.0,0.0,0.0,0.0,0.0,0.0,0.0,0.0,0.0,0.0,0.0,0.0,0.0,0.0
80,PRF18,53.7,14.7,8.5,34.8,1.5,18.1,14.1,19.0,12.0,9.7,9.6,15.8,3.3,6.8,6.7,4.7,4.6,14.3,1.5,1.5,9.6,15.2,12.0,13.1,12.8,24.5,21.7,3.0,6.8,13.5,9.0,9.7,5.9,3.0,17.0,3.0,7.3,9.1,4.6,2.6,28.6,14.1,9.0,1.4,3.2,4.3,9.9,3.6,8.7,2.4,4.9,1.8,3.8,7.1,18.1,4.1,50.8,19.0,0.0,0.0,14.1,13.1,9.3,0.0,0.0,0.0,0.0,0.0,0.0,0.0,0.0,0.0,0.0,0.0,0.0,0.0,0.0,204.4,474.9,801.1,1565.0,0.0,0.0,0.0,0.0,0.0,0.0,0.0,0.0,0.0,0.0,0.0,0.0,0.0,0.0,0.0,0.0,0.0,0.0,0.0,0.0,0.0,0.0,0.0,0.0,0.0,0.0,0.0,0.0,0.0,0.0,0.0,0.0,0.0,0.0,0.0,0.0,0.0,0.0,0.0,0.0,0.0,0.0,0.0,0.0,0.0,0.0,0.0,0.0,0.0,0.0,0.0,0.0,0.0
81,PRF19,17.6,42.0,9.1,19.6,1.7,19.3,17.0,59.4,43.2,13.3,5.7,18.5,25.6,13.6,31.5,13.1,8.5,46.3,0.0,0.9,11.9,15.6,30.1,36.1,17.9,45.4,11.4,8.0,20.7,11.4,13.6,10.2,6.0,7.4,23.3,1.7,4.0,13.6,11.1,10.8,21.9,23.0,6.0,19.6,9.7,5.4,11.9,8.0,6.0,6.2,5.4,6.5,0.0,0.9,12.2,6.5,64.8,31.8,0.0,0.0,9.4,31.8,5.4,0.0,0.0,0.0,0.0,0.0,0.0,0.0,0.0,0.0,0.0,0.0,0.0,0.0,0.0,0.0,0.0,0.0,0.0,2924.0,6789.2,0.0,0.0,0.0,0.0,0.0,0.0,0.0,0.0,0.0,0.0,0.0,0.0,0.0,0.0,0.0,0.0,0.0,0.0,0.0,0.0,0.0,0.0,0.0,0.0,0.0,0.0,0.0,0.0,0.0,0.0,0.0,0.0,0.0,0.0,0.0,0.0,0.0,0.0,0.0,0.0,0.0,0.0,0.0,0.0,0.0,0.0,0.0,0.0,0.0,0.0,0.0
82,PRF20,44.4,106.0,22.9,49.4,4.3,48.7,43.0,149.6,108.8,33.7,14.3,46.5,64.4,34.4,79.5,32.9,21.5,116.7,0.0,2.1,30.1,39.4,75.9,90.9,45.1,114.6,28.6,20.0,52.3,28.6,34.4,25.8,15.0,18.6,58.7,4.3,10.0,34.4,27.9,27.2,55.1,58.0,15.0,49.4,24.3,13.6,30.1,20.0,15.0,15.8,13.6,16.5,0.0,2.1,30.8,16.5,163.2,80.2,0.0,0.0,23.6,80.2,13.6,0.0,0.0,0.0,0.0,0.0,0.0,0.0,0.0,0.0,0.0,0.0,0.0,0.0,0.0,0.0,0.0,0.0,0.0,6789.2,7371.7,0.0,0.0,0.0,0.0,0.0,0.0,0.0,0.0,0.0,0.0,0.0,0.0,0.0,0.0,0.0,0.0,0.0,0.0,0.0,0.0,0.0,0.0,0.0,0.0,0.0,0.0,0.0,0.0,0.0,0.0,0.0,0.0,0.0,0.0,0.0,0.0,0.0,0.0,0.0,0.0,0.0,0.0,0.0,0.0,0.0,0.0,0.0,0.0,0.0,0.0,0.0
83,PRF22,25.0,165.0,48.0,66.0,27.0,157.0,108.0,121.0,100.0,45.0,272.0,253.0,52.0,70.0,213.0,256.0,16.0,62.0,0.0,8.0,174.0,239.0,158.0,91.0,183.0,153.0,209.0,41.0,47.0,65.0,66.0,104.0,84.0,103.0,76.0,12.0,24.0,72.0,106.0,70.0,73.0,73.0,25.0,30.0,5.0,42.0,207.0,33.0,38.0,18.0,35.0,20.0,6.0,25.0,52.0,42.0,220.0,142.0,0.0,0.0,95.0,120.0,50.0,0.0,0.0,0.0,0.0,0.0,0.0,0.0,0.0,0.0,0.0,0.0,0.0,0.0,0.0,0.0,0.0,0.0,0.0,0.0,0.0,10295.7,0.0,0.0,0.0,0.0,0.0,0.0,0.0,0.0,0.0,0.0,0.0,0.0,0.0,0.0,0.0,0.0,0.0,0.0,0.0,0.0,0.0,0.0,0.0,0.0,0.0,0.0,0.0,0.0,0.0,0.0,0.0,0.0,0.0,0.0,0.0,0.0,0.0,0.0,0.0,0.0,0.0,0.0,0.0,0.0,0.0,0.0,0.0,0.0,0.0,0.0
84,PRF21,41.9,65.6,12.7,30.2,5.9,27.7,23.2,22.1,18.9,8.9,9.2,43.5,6.7,11.6,12.3,20.0,5.8,15.5,0.9,0.7,15.5,28.2,18.9,19.9,14.7,29.7,33.9,1.8,8.9,17.5,8.0,25.6,9.8,10.3,19.3,8.9,16.8,11.7,6.4,4.6,24.5,12.3,3.2,2.0,1.9,4.4,8.1,17.0,9.1,7.5,7.2,5.2,2.6,9.7,15.0,3.8,39.1,20.1,0.0,0.0,17.7,15.6,12.9,0.0,0.0,0.0,0.0,0.0,0.0,0.0,0.0,0.0,0.0,0.0,0.0,0.0,0.0,0.0,0.0,0.0,0.0,0.0,0.0,0.0,327.5,315.8,34.1,1.5,0.9,4.9,4.1,1.5,2.2,2.4,1.7,1.0,3.6,0.5,0.7,1.1,1.0,0.6,0.8,0.3,17.8,6.9,3.6,1.6,9.7,2.0,17.8,6.3,37.2,1.6,4.8,3.4,19.6,7.3,1.9,3.5,0.4,0.6,4.4,1.2,9.2,3.4,2.2,0.1,0.5,3.4,0.1,0.1,0.1,0.0
85,PRF23,224.5,351.4,68.0,162.1,31.9,148.3,124.1,118.5,101.3,47.6,49.4,233.1,35.8,62.1,66.1,107.2,30.9,83.0,4.9,3.9,82.9,151.2,101.4,106.7,78.9,159.1,181.7,9.9,47.6,93.6,42.6,137.4,52.3,55.1,103.3,47.6,90.2,62.6,34.3,24.7,131.1,66.0,17.0,10.6,10.4,23.5,43.5,91.4,48.6,40.1,38.7,27.6,14.2,51.8,80.6,20.5,209.7,107.6,0.0,0.0,95.0,83.9,69.4,0.0,0.0,0.0,0.0,0.0,0.0,0.0,0.0,0.0,0.0,0.0,0.0,0.0,0.0,0.0,0.0,0.0,0.0,0.0,0.0,0.0,315.8,1755.3,247.6,7.0,4.7,24.8,21.1,7.5,11.4,12.2,8.9,5.0,18.9,2.6,3.6,5.7,5.3,3.3,4.1,1.4,85.3,32.9,17.4,7.5,44.9,9.2,82.8,32.3,190.9,8.1,24.7,17.5,100.6,36.8,9.5,17.6,2.2,3.3,22.0,5.9,46.4,19.2,12.3,0.4,2.9,17.9,0.7,0.4,0.7,0.0
86,PRF24,45.2,70.8,13.7,32.7,6.4,29.9,25.0,23.9,20.4,9.6,10.0,47.0,7.2,12.5,13.3,21.6,6.2,16.7,1.0,0.8,16.7,30.5,20.4,21.5,15.9,32.0,36.6,2.0,9.6,18.9,8.6,27.7,10.5,11.1,20.8,9.6,18.2,12.6,6.9,5.0,26.4,13.3,3.4,2.1,2.1,4.7,8.8,18.4,9.8,8.1,7.8,5.6,2.9,10.4,16.2,4.1,42.3,21.7,0.0,0.0,19.1,16.9,14.0,0.0,0.0,0.0,0.0,0.0,0.0,0.0,0.0,0.0,0.0,0.0,0.0,0.0,0.0,0.0,0.0,0.0,0.0,0.0,0.0,0.0,34.1,247.6,353.7,1.6,1.1,6.4,5.0,1.7,3.3,3.3,2.2,1.3,4.3,0.6,0.8,1.3,1.3,0.8,0.9,0.3,34.0,13.1,6.9,2.5,15.0,3.1,27.7,12.2,72.3,3.1,9.3,6.6,38.1,11.9,3.1,5.7,0.7,1.1,7.1,1.9,15.0,9.4,6.0,0.2,1.4,6.1,0.3,0.1,0.2,0.0
87,PRF31,10.1,15.7,3.0,7.3,1.4,6.6,5.6,5.3,4.5,2.1,2.2,10.4,1.6,2.8,3.0,4.8,1.4,3.7,0.2,0.2,3.7,6.8,4.5,4.8,3.5,7.1,8.1,0.4,2.1,4.2,1.9,6.2,2.3,2.5,4.6,2.1,4.0,2.8,1.5,1.1,5.9,3.0,0.8,0.5,0.5,1.1,1.9,4.1,2.2,1.8,1.7,1.2,0.6,2.3,3.6,0.9,9.4,4.8,0.0,0.0,4.3,3.8,3.1,0.0,0.0,0.0,0.0,0.0,0.0,0.0,0.0,0.0,0.0,0.0,0.0,0.0,0.0,0.0,0.0,0.0,0.0,0.0,0.0,0.0,1.5,7.0,1.6,78.6,0.9,5.3,2.8,0.8,1.0,1.7,0.9,0.5,1.6,0.2,0.3,0.4,0.5,0.2,0.3,0.1,1.1,0.4,0.2,0.2,1.2,0.2,2.2,1.3,7.8,0.3,1.0,0.7,4.1,2.6,0.7,1.2,0.2,0.2,1.5,0.4,3.2,0.5,0.3,0.0,0.1,1.0,0.0,0.0,0.0,0.0
88,PRF32,14.0,21.9,4.2,10.1,2.0,9.2,7.7,7.4,6.3,3.0,3.1,14.5,2.2,3.9,4.1,6.7,1.9,5.2,0.3,0.2,5.2,9.4,6.3,6.6,4.9,9.9,11.3,0.6,3.0,5.8,2.7,8.5,3.3,3.4,6.4,3.0,5.6,3.9,2.1,1.5,8.2,4.1,1.1,0.7,0.6,1.5,2.7,5.7,3.0,2.5,2.4,1.7,0.9,3.2,5.0,1.3,13.0,6.7,0.0,0.0,5.9,5.2,4.3,0.0,0.0,0.0,0.0,0.0,0.0,0.0,0.0,0.0,0.0,0.0,0.0,0.0,0.0,0.0,0.0,0.0,0.0,0.0,0.0,0.0,0.9,4.7,1.1,0.9,109.2,3.7,8.5,2.3,0.7,1.4,1.8,0.6,3.8,0.5,0.5,0.9,1.0,0.4,0.5,0.1,0.6,0.2,0.1,0.1,0.6,0.1,1.1,0.7,4.0,0.2,0.5,0.4,2.1,1.2,0.3,0.6,0.1,0.1,0.7,0.2,1.6,0.3,0.2,0.0,0.1,0.6,0.0,0.0,0.0,0.0
89,PRF33,43.0,67.3,13.0,31.1,6.1,28.4,23.8,22.7,19.4,9.1,9.5,44.6,6.9,11.9,12.7,20.5,5.9,15.9,0.9,0.8,15.9,29.0,19.4,20.4,15.1,30.5,34.8,1.9,9.1,17.9,8.2,26.3,10.0,10.5,19.8,9.1,17.3,12.0,6.6,4.7,25.1,12.6,3.3,2.0,2.0,4.5,8.3,17.5,9.3,7.7,7.4,5.3,2.7,9.9,15.4,3.9,40.2,20.6,0.0,0.0,18.2,16.1,13.3,0.0,0.0,0.0,0.0,0.0,0.0,0.0,0.0,0.0,0.0,0.0,0.0,0.0,0.0,0.0,0.0,0.0,0.0,0.0,0.0,0.0,4.9,24.8,6.4,5.3,3.7,336.2,21.2,4.7,10.5,30.6,8.4,4.5,8.8,1.2,1.4,2.5,2.9,1.3,1.5,0.3,4.1,1.6,0.8,0.7,4.2,0.9,7.7,5.7,33.8,1.4,4.4,3.1,17.8,12.4,3.2,5.9,0.8,1.1,7.4,2.0,15.7,2.4,1.6,0.0,0.4,6.6,0.3,0.1,0.2,0.0
90,PRF34,67.0,104.9,20.3,48.4,9.5,44.3,37.0,35.4,30.2,14.2,14.8,69.6,10.7,18.5,19.7,32.0,9.2,24.8,1.5,1.2,24.7,45.1,30.3,31.9,23.6,47.5,54.2,3.0,14.2,27.9,12.7,41.0,15.6,16.4,30.8,14.2,26.9,18.7,10.2,7.4,39.1,19.7,5.1,3.2,3.1,7.0,13.0,27.3,14.5,12.0,11.6,8.2,4.2,15.5,24.1,6.1,62.6,32.1,0.0,0.0,28.3,25.0,20.7,0.0,0.0,0.0,0.0,0.0,0.0,0.0,0.0,0.0,0.0,0.0,0.0,0.0,0.0,0.0,0.0,0.0,0.0,0.0,0.0,0.0,4.1,21.1,5.0,2.8,8.5,21.2,524.0,28.3,4.8,9.6,38.4,6.5,29.1,3.5,3.8,7.2,10.5,3.1,3.4,0.6,2.9,1.1,0.6,0.5,2.7,0.6,5.0,3.3,19.5,0.8,2.5,1.8,10.3,5.9,1.5,2.8,0.4,0.5,3.5,0.9,7.5,1.6,1.0,0.0,0.2,3.5,0.1,0.1,0.1,0.0
91,PRF35,32.4,50.7,9.8,23.4,4.6,21.4,17.9,17.1,14.6,6.9,7.1,33.6,5.2,9.0,9.5,15.5,4.5,12.0,0.7,0.6,12.0,21.8,14.6,15.4,11.4,22.9,26.2,1.4,6.9,13.5,6.1,19.8,7.6,7.9,14.9,6.9,13.0,9.0,4.9,3.6,18.9,9.5,2.5,1.5,1.5,3.4,6.3,13.2,7.0,5.8,5.6,4.0,2.0,7.5,11.6,3.0,30.3,15.5,0.0,0.0,13.7,12.1,10.0,0.0,0.0,0.0,0.0,0.0,0.0,0.0,0.0,0.0,0.0,0.0,0.0,0.0,0.0,0.0,0.0,0.0,0.0,0.0,0.0,0.0,1.5,7.5,1.7,0.8,2.3,4.7,28.3,253.2,1.3,2.2,7.4,1.7,33.5,3.4,3.0,5.8,8.6,1.9,2.1,0.3,0.9,0.4,0.2,0.1,0.9,0.2,1.6,1.0,6.1,0.3,0.8,0.6,3.2,1.8,0.5,0.9,0.1,0.2,1.1,0.3,2.3,0.6,0.4,0.0,0.1,1.1,0.0,0.0,0.0,0.0
92,PRF36,16.8,26.2,5.1,12.1,2.4,11.1,9.3,8.8,7.6,3.5,3.7,17.4,2.7,4.6,4.9,8.0,2.3,6.2,0.4,0.3,6.2,11.3,7.6,8.0,5.9,11.9,13.6,0.7,3.5,7.0,3.2,10.3,3.9,4.1,7.7,3.5,6.7,4.7,2.6,1.8,9.8,4.9,1.3,0.8,0.8,1.8,3.2,6.8,3.6,3.0,2.9,2.1,1.1,3.9,6.0,1.5,15.6,8.0,0.0,0.0,7.1,6.3,5.2,0.0,0.0,0.0,0.0,0.0,0.0,0.0,0.0,0.0,0.0,0.0,0.0,0.0,0.0,0.0,0.0,0.0,0.0,0.0,0.0,0.0,2.2,11.4,3.3,1.0,0.7,10.5,4.8,1.3,131.0,10.2,2.5,2.2,2.9,0.4,0.5,0.9,1.0,0.5,0.6,0.1,1.9,0.8,0.4,0.3,2.0,0.4,3.6,3.3,19.5,0.8,2.5,1.8,10.3,7.0,1.8,3.3,0.4,0.6,4.2,1.1,8.8,1.7,1.1,0.0,0.3,7.8,0.3,0.2,0.3,0.0
93,PRF37,21.2,33.2,6.4,15.3,3.0,14.0,11.7,11.2,9.6,4.5,4.7,22.0,3.4,5.9,6.3,10.1,2.9,7.8,0.5,0.4,7.8,14.3,9.6,10.1,7.5,15.0,17.2,0.9,4.5,8.8,4.0,13.0,4.9,5.2,9.8,4.5,8.5,5.9,3.2,2.3,12.4,6.2,1.6,1.0,1.0,2.2,4.1,8.6,4.6,3.8,3.7,2.6,1.3,4.9,7.6,1.9,19.8,10.2,0.0,0.0,9.0,7.9,6.6,0.0,0.0,0.0,0.0,0.0,0.0,0.0,0.0,0.0,0.0,0.0,0.0,0.0,0.0,0.0,0.0,0.0,0.0,0.0,0.0,0.0,2.4,12.2,3.3,1.7,1.4,30.6,9.6,2.2,10.2,165.9,4.6,3.3,4.3,0.6,0.7,1.3,1.5,0.7,0.8,0.2,2.0,0.8,0.4,0.3,2.0,0.4,3.7,3.0,17.6,0.7,2.3,1.6,9.3,6.5,1.7,3.1,0.4,0.6,3.9,1.0,8.1,1.3,0.8,0.0,0.2,4.3,0.2,0.1,0.2,0.0
94,PRF38,27.4,42.8,8.3,19.8,3.9,18.1,15.1,14.4,12.3,5.8,6.0,28.4,4.4,7.6,8.1,13.1,3.8,10.1,0.6,0.5,10.1,18.4,12.4,13.0,9.6,19.4,22.2,1.2,5.8,11.4,5.2,16.7,6.4,6.7,12.6,5.8,11.0,7.6,4.2,3.0,16.0,8.0,2.1,1.3,1.3,2.9,5.3,11.1,5.9,4.9,4.7,3.4,1.7,6.3,9.8,2.5,25.6,13.1,0.0,0.0,11.6,10.2,8.5,0.0,0.0,0.0,0.0,0.0,0.0,0.0,0.0,0.0,0.0,0.0,0.0,0.0,0.0,0.0,0.0,0.0,0.0,0.0,0.0,0.0,1.7,8.9,2.2,0.9,1.8,8.4,38.4,7.4,2.5,4.6,213.9,6.2,11.0,1.4,1.6,3.3,5.6,1.6,1.6,0.3,1.2,0.5,0.2,0.2,1.1,0.2,2.1,1.4,8.5,0.4,1.1,0.8,4.5,2.6,0.7,1.2,0.2,0.2,1.5,0.4,3.3,0.7,0.5,0.0,0.1,1.7,0.1,0.0,0.1,0.0
95,PRF39,12.8,20.1,3.9,9.3,1.8,8.5,7.1,6.8,5.8,2.7,2.8,13.3,2.0,3.6,3.8,6.1,1.8,4.8,0.3,0.2,4.7,8.7,5.8,6.1,4.5,9.1,10.4,0.6,2.7,5.4,2.4,7.9,3.0,3.2,5.9,2.7,5.2,3.6,2.0,1.4,7.5,3.8,1.0,0.6,0.6,1.3,2.5,5.2,2.8,2.3,2.2,1.6,0.8,3.0,4.6,1.2,12.0,6.2,0.0,0.0,5.4,4.8,4.0,0.0,0.0,0.0,0.0,0.0,0.0,0.0,0.0,0.0,0.0,0.0,0.0,0.0,0.0,0.0,0.0,0.0,0.0,0.0,0.0,0.0,1.0,5.0,1.3,0.5,0.6,4.5,6.5,1.7,2.2,3.3,6.2,100.4,3.4,0.5,0.6,1.1,1.5,0.7,0.7,0.1,0.7,0.3,0.1,0.1,0.7,0.1,1.2,0.9,5.4,0.2,0.7,0.5,2.8,1.6,0.4,0.8,0.1,0.1,1.0,0.3,2.1,0.5,0.3,0.0,0.1,1.3,0.1,0.0,0.0,0.0
96,PRF40,109.5,171.3,33.2,79.0,15.5,72.3,60.5,57.8,49.4,23.2,24.1,113.6,17.5,30.3,32.3,52.3,15.0,40.5,2.4,1.9,40.4,73.7,49.5,52.0,38.5,77.6,88.6,4.8,23.2,45.6,20.8,67.0,25.5,26.8,50.4,23.2,44.0,30.5,16.7,12.1,63.9,32.2,8.3,5.2,5.1,11.5,21.2,44.6,23.7,19.5,18.9,13.5,6.9,25.3,39.3,10.0,102.2,52.4,0.0,0.0,46.3,40.9,33.8,0.0,0.0,0.0,0.0,0.0,0.0,0.0,0.0,0.0,0.0,0.0,0.0,0.0,0.0,0.0,0.0,0.0,0.0,0.0,0.0,0.0,3.6,18.9,4.3,1.6,3.8,8.8,29.1,33.5,2.9,4.3,11.0,3.4,855.8,59.5,28.9,46.4,25.0,8.3,11.2,1.3,2.3,0.9,0.5,0.3,2.1,0.4,3.8,2.4,14.1,0.6,1.8,1.3,7.4,4.0,1.0,1.9,0.2,0.4,2.4,0.6,5.0,1.3,0.8,0.0,0.2,2.5,0.1,0.1,0.1,0.0
97,PRF41,16.2,25.3,4.9,11.7,2.3,10.7,9.0,8.5,7.3,3.4,3.6,16.8,2.6,4.5,4.8,7.7,2.2,6.0,0.4,0.3,6.0,10.9,7.3,7.7,5.7,11.5,13.1,0.7,3.4,6.8,3.1,9.9,3.8,4.0,7.5,3.4,6.5,4.5,2.5,1.8,9.5,4.8,1.2,0.8,0.8,1.7,3.1,6.6,3.5,2.9,2.8,2.0,1.0,3.7,5.8,1.5,15.1,7.8,0.0,0.0,6.9,6.1,5.0,0.0,0.0,0.0,0.0,0.0,0.0,0.0,0.0,0.0,0.0,0.0,0.0,0.0,0.0,0.0,0.0,0.0,0.0,0.0,0.0,0.0,0.5,2.6,0.6,0.2,0.5,1.2,3.5,3.4,0.4,0.6,1.4,0.5,59.5,126.6,8.5,12.1,3.5,1.5,2.2,0.2,0.3,0.1,0.1,0.0,0.3,0.1,0.5,0.3,1.9,0.1,0.3,0.2,1.0,0.5,0.1,0.3,0.0,0.0,0.3,0.1,0.7,0.2,0.1,0.0,0.0,0.4,0.0,0.0,0.0,0.0
98,PRF42,25.1,39.3,7.6,18.1,3.6,16.6,13.9,13.3,11.3,5.3,5.5,26.1,4.0,6.9,7.4,12.0,3.5,9.3,0.6,0.4,9.3,16.9,11.4,11.9,8.8,17.8,20.3,1.1,5.3,10.5,4.8,15.4,5.9,6.2,11.6,5.3,10.1,7.0,3.8,2.8,14.7,7.4,1.9,1.2,1.2,2.6,4.9,10.2,5.4,4.5,4.3,3.1,1.6,5.8,9.0,2.3,23.5,12.0,0.0,0.0,10.6,9.4,7.8,0.0,0.0,0.0,0.0,0.0,0.0,0.0,0.0,0.0,0.0,0.0,0.0,0.0,0.0,0.0,0.0,0.0,0.0,0.0,0.0,0.0,0.7,3.6,0.8,0.3,0.5,1.4,3.8,3.0,0.5,0.7,1.6,0.6,28.9,8.5,196.5,13.6,3.3,2.6,4.9,0.4,0.4,0.2,0.1,0.1,0.4,0.1,0.7,0.4,2.6,0.1,0.3,0.2,1.3,0.7,0.2,0.3,0.0,0.1,0.4,0.1,0.9,0.2,0.1,0.0,0.0,0.5,0.0,0.0,0.0,0.0
99,PRF43,33.5,52.4,10.2,24.2,4.8,22.1,18.5,17.7,15.1,7.1,7.4,34.8,5.3,9.3,9.9,16.0,4.6,12.4,0.7,0.6,12.4,22.6,15.1,15.9,11.8,23.7,27.1,1.5,7.1,14.0,6.4,20.5,7.8,8.2,15.4,7.1,13.5,9.3,5.1,3.7,19.6,9.8,2.5,1.6,1.6,3.5,6.5,13.6,7.3,6.0,5.8,4.1,2.1,7.7,12.0,3.1,31.3,16.1,0.0,0.0,14.2,12.5,10.4,0.0,0.0,0.0,0.0,0.0,0.0,0.0,0.0,0.0,0.0,0.0,0.0,0.0,0.0,0.0,0.0,0.0,0.0,0.0,0.0,0.0,1.1,5.7,1.3,0.4,0.9,2.5,7.2,5.8,0.9,1.3,3.3,1.1,46.4,12.1,13.6,262.0,10.5,6.2,7.3,0.5,0.7,0.3,0.1,0.1,0.6,0.1,1.1,0.7,4.2,0.2,0.5,0.4,2.2,1.2,0.3,0.6,0.1,0.1,0.7,0.2,1.5,0.4,0.2,0.0,0.1,0.7,0.0,0.0,0.0,0.0
100,PRF44,24.6,38.5,7.4,17.7,3.5,16.2,13.6,13.0,11.1,5.2,5.4,25.5,3.9,6.8,7.2,11.7,3.4,9.1,0.5,0.4,9.1,16.6,11.1,11.7,8.6,17.4,19.9,1.1,5.2,10.2,4.7,15.0,5.7,6.0,11.3,5.2,9.9,6.8,3.8,2.7,14.3,7.2,1.9,1.2,1.1,2.6,4.8,10.0,5.3,4.4,4.2,3.0,1.5,5.7,8.8,2.2,23.0,11.8,0.0,0.0,10.4,9.2,7.6,0.0,0.0,0.0,0.0,0.0,0.0,0.0,0.0,0.0,0.0,0.0,0.0,0.0,0.0,0.0,0.0,0.0,0.0,0.0,0.0,0.0,1.0,5.3,1.3,0.5,1.0,2.9,10.5,8.6,1.0,1.5,5.6,1.5,25.0,3.5,3.3,10.5,192.1,3.1,2.8,0.3,0.7,0.3,0.1,0.1,0.6,0.1,1.1,0.7,4.3,0.2,0.6,0.4,2.3,1.2,0.3,0.6,0.1,0.1,0.7,0.2,1.6,0.4,0.2,0.0,0.1,0.8,0.0,0.0,0.0,0.0
101,PRF45,19.5,30.6,5.9,14.1,2.8,12.9,10.8,10.3,8.8,4.1,4.3,20.3,3.1,5.4,5.8,9.3,2.7,7.2,0.4,0.3,7.2,13.2,8.8,9.3,6.9,13.8,15.8,0.9,4.1,8.1,3.7,12.0,4.6,4.8,9.0,4.1,7.9,5.4,3.0,2.2,11.4,5.7,1.5,0.9,0.9,2.0,3.8,8.0,4.2,3.5,3.4,2.4,1.2,4.5,7.0,1.8,18.3,9.4,0.0,0.0,8.3,7.3,6.0,0.0,0.0,0.0,0.0,0.0,0.0,0.0,0.0,0.0,0.0,0.0,0.0,0.0,0.0,0.0,0.0,0.0,0.0,0.0,0.0,0.0,0.6,3.3,0.8,0.2,0.4,1.3,3.1,1.9,0.5,0.7,1.6,0.7,8.3,1.5,2.6,6.2,3.1,152.8,8.0,0.3,0.4,0.1,0.1,0.1,0.3,0.1,0.6,0.4,2.5,0.1,0.3,0.2,1.3,0.7,0.2,0.3,0.0,0.1,0.4,0.1,0.9,0.2,0.1,0.0,0.0,0.5,0.0,0.0,0.0,0.0
102,PRF46,29.6,46.3,9.0,21.4,4.2,19.6,16.4,15.6,13.4,6.3,6.5,30.7,4.7,8.2,8.7,14.1,4.1,10.9,0.7,0.5,10.9,19.9,13.4,14.1,10.4,21.0,24.0,1.3,6.3,12.3,5.6,18.1,6.9,7.3,13.6,6.3,11.9,8.2,4.5,3.3,17.3,8.7,2.2,1.4,1.4,3.1,5.7,12.0,6.4,5.3,5.1,3.6,1.9,6.8,10.6,2.7,27.6,14.2,0.0,0.0,12.5,11.1,9.1,0.0,0.0,0.0,0.0,0.0,0.0,0.0,0.0,0.0,0.0,0.0,0.0,0.0,0.0,0.0,0.0,0.0,0.0,0.0,0.0,0.0,0.8,4.1,0.9,0.3,0.5,1.5,3.4,2.1,0.6,0.8,1.6,0.7,11.2,2.2,4.9,7.3,2.8,8.0,231.4,0.5,0.5,0.2,0.1,0.1,0.4,0.1,0.8,0.5,2.9,0.1,0.4,0.3,1.5,0.8,0.2,0.4,0.0,0.1,0.5,0.1,1.0,0.3,0.2,0.0,0.0,0.5,0.0,0.0,0.0,0.0
103,PRF47,24.6,38.5,7.4,17.7,3.5,16.2,13.6,13.0,11.1,5.2,5.4,25.5,3.9,6.8,7.2,11.7,3.4,9.1,0.5,0.4,9.1,16.6,11.1,11.7,8.6,17.4,19.9,1.1,5.2,10.2,4.7,15.0,5.7,6.0,11.3,5.2,9.9,6.8,3.8,2.7,14.3,7.2,1.9,1.2,1.1,2.6,4.8,10.0,5.3,4.4,4.2,3.0,1.5,5.7,8.8,2.2,23.0,11.8,0.0,0.0,10.4,9.2,7.6,0.0,0.0,0.0,0.0,0.0,0.0,0.0,0.0,0.0,0.0,0.0,0.0,0.0,0.0,0.0,0.0,0.0,0.0,0.0,0.0,0.0,0.3,1.4,0.3,0.1,0.1,0.3,0.6,0.3,0.1,0.2,0.3,0.1,1.3,0.2,0.4,0.5,0.3,0.3,0.5,192.1,0.1,0.0,0.0,0.0,0.1,0.0,0.2,0.1,0.8,0.0,0.1,0.1,0.4,0.2,0.1,0.1,0.0,0.0,0.1,0.0,0.3,0.1,0.0,0.0,0.0,0.1,0.0,0.0,0.0,0.0
104,OSK01,215.0,521.8,118.3,404.4,97.8,181.4,280.1,277.8,139.0,98.9,98.2,178.8,93.5,114.2,177.5,268.7,72.8,138.2,33.7,12.4,142.7,202.7,124.8,204.4,242.0,417.0,304.2,53.8,81.0,88.1,153.0,327.4,105.3,85.5,179.1,94.4,73.6,61.2,38.3,49.3,211.3,146.1,35.6,39.0,24.5,51.1,97.6,140.0,94.8,50.9,50.5,60.0,18.6,160.6,186.6,55.4,385.0,195.4,2.9,0.0,223.2,138.9,145.2,14.2,6.2,156.9,62.7,49.1,75.9,404.9,0.0,0.0,0.0,0.0,0.0,0.0,0.0,0.0,0.0,0.0,0.0,0.0,0.0,0.0,17.8,85.3,34.0,252.5,252.0,255.5,254.3,252.3,253.3,253.4,252.6,252.1,2.3,0.3,0.4,0.7,0.7,0.4,0.5,0.1,27672.9,2082.3,368.7,26.2,305.3,86.0,4357.5,788.3,778.6,18.5,7548.9,50.6,581.6,897.5,161.5,89.3,0.1,32.4,189.9,0.9,1106.7,312.7,21.0,0.0,0.1,44.0,26.9,0.1,6.8,0.0
105,OSK02,151.9,375.7,85.6,295.1,71.7,129.7,204.0,202.5,99.8,71.9,71.3,124.7,68.3,82.8,129.7,196.1,53.1,99.9,24.9,9.1,103.2,145.4,89.2,148.3,177.3,304.7,219.9,39.7,58.6,62.2,112.3,238.7,76.5,61.6,129.6,68.5,51.5,43.3,27.3,35.8,152.5,106.4,25.9,28.6,17.8,37.2,71.1,100.9,68.8,36.4,36.2,43.7,13.3,117.7,136.0,40.5,279.0,141.6,2.1,0.0,162.7,100.3,105.6,10.6,4.6,116.7,46.6,36.5,56.4,301.3,0.0,0.0,0.0,0.0,0.0,0.0,0.0,0.0,0.0,0.0,0.0,0.0,0.0,0.0,6.9,32.9,13.1,310.0,309.8,311.1,310.7,309.9,310.3,310.3,310.0,309.8,0.9,0.1,0.2,0.3,0.3,0.1,0.2,0.0,1399.7,6865.9,90.5,0.9,370.4,54.8,183.0,377.5,273.9,0.0,1364.7,1131.4,115.3,272.3,4.8,113.7,0.0,21.7,370.1,0.0,301.8,45.5,2.2,0.0,0.0,36.2,0.0,0.0,0.0,0.0
106,OSK03,31.4,75.0,16.9,57.4,13.8,26.2,39.8,39.5,20.0,14.1,14.0,26.4,13.3,16.3,25.2,38.1,10.3,19.8,4.7,1.8,20.4,29.2,18.0,29.2,34.2,59.2,43.6,7.6,11.6,12.9,21.6,46.5,15.0,12.3,25.6,13.5,10.8,8.9,5.6,7.0,30.3,20.8,5.1,5.5,3.5,7.3,13.9,20.1,13.5,7.4,7.3,8.5,2.7,22.7,26.5,7.9,55.0,27.9,0.4,0.0,31.7,19.9,20.7,2.0,0.9,21.9,8.7,6.8,10.6,56.4,0.0,0.0,0.0,0.0,0.0,0.0,0.0,0.0,0.0,0.0,0.0,0.0,0.0,0.0,3.6,17.4,7.0,9.1,9.0,9.7,9.5,9.1,9.3,9.3,9.1,9.0,0.5,0.1,0.1,0.1,0.1,0.1,0.1,0.0,191.4,135.5,1321.2,4.4,19.3,0.2,24.3,43.6,173.8,0.2,276.9,9.3,84.8,0.3,0.6,94.8,0.0,0.1,17.1,3.2,95.7,38.6,0.0,0.0,0.2,2.2,0.0,0.0,0.4,0.0
107,OSK04,7.8,16.9,3.7,11.8,2.8,6.2,8.3,8.2,4.6,3.0,3.0,7.0,2.7,3.5,5.1,7.9,2.1,4.4,0.9,0.3,4.5,6.7,4.2,6.3,6.9,12.1,9.6,1.4,2.5,3.2,4.3,9.6,3.2,2.7,5.6,2.9,2.8,2.2,1.3,1.5,6.7,4.4,1.1,1.1,0.7,1.5,2.9,4.5,2.9,1.7,1.7,1.8,0.6,4.6,5.5,1.6,11.9,6.0,0.1,0.0,6.6,4.4,4.4,0.4,0.2,3.9,1.6,1.2,1.9,10.0,0.0,0.0,0.0,0.0,0.0,0.0,0.0,0.0,0.0,0.0,0.0,0.0,0.0,0.0,1.6,7.5,2.5,8.6,8.5,9.1,8.8,8.5,8.7,8.7,8.6,8.5,0.3,0.0,0.1,0.1,0.1,0.1,0.1,0.0,11.0,289.6,0.0,2984.3,499.0,0.0,1482.7,13762.7,97.9,0.0,0.0,4.0,2142.9,0.0,0.0,2.5,0.0,0.0,0.0,3.6,74.2,0.3,0.0,0.0,0.0,0.0,0.0,0.0,0.0,0.0
108,OSK05,111.7,264.5,59.6,201.3,48.5,92.8,139.8,138.5,70.7,49.5,49.2,94.4,46.5,57.4,88.2,133.7,36.3,69.7,16.5,6.1,71.9,103.2,63.8,102.5,119.8,207.3,153.4,26.4,40.8,45.8,75.5,163.2,52.8,43.2,90.2,47.3,38.6,31.7,19.7,24.7,106.7,73.0,17.8,19.2,12.2,25.5,48.8,70.9,47.6,26.0,25.8,30.0,9.5,79.5,93.1,27.5,193.5,98.3,1.4,0.0,111.3,70.1,72.7,6.9,3.0,76.0,30.3,23.8,36.7,196.1,0.0,0.0,0.0,0.0,0.0,0.0,0.0,0.0,0.0,0.0,0.0,0.0,0.0,0.0,9.7,44.9,15.0,229.2,228.5,232.1,230.7,228.8,229.9,230.0,229.1,228.6,2.1,0.3,0.4,0.6,0.6,0.3,0.4,0.1,937.9,293.2,18.9,21.6,10493.9,366.8,4627.7,585.9,1773.7,7.1,530.2,201.3,683.5,418.4,28.0,884.4,60.0,0.0,110.9,0.0,1159.4,183.5,81.2,0.0,5.7,25.4,0.3,0.0,0.0,0.0
109,OSK06,57.4,141.5,32.2,110.9,26.9,48.9,76.7,76.1,37.6,27.0,26.8,47.3,25.7,31.1,48.7,73.7,20.0,37.6,9.3,3.4,38.8,54.8,33.7,55.8,66.6,114.5,82.8,14.9,22.0,23.5,42.2,89.7,28.8,23.2,48.8,25.8,19.5,16.4,10.3,13.5,57.4,40.0,9.7,10.7,6.7,14.0,26.7,38.0,25.9,13.7,13.6,16.4,5.0,44.2,51.1,15.2,105.0,53.3,0.8,0.0,61.1,37.8,39.7,4.0,1.7,43.7,17.5,13.7,21.1,112.8,0.0,0.0,0.0,0.0,0.0,0.0,0.0,0.0,0.0,0.0,0.0,0.0,0.0,0.0,2.0,9.2,3.1,34.0,33.9,34.6,34.3,34.0,34.2,34.2,34.0,33.9,0.4,0.1,0.1,0.1,0.1,0.1,0.1,0.0,83.5,40.8,0.2,169.1,50.7,1970.1,407.9,62.2,102.5,54.0,6.7,9.7,207.9,11.9,18.9,60.2,30.0,89.0,79.2,211.6,48.1,12.4,0.3,0.0,0.0,20.7,0.0,1.0,0.0,0.0
110,OSK07,84.4,180.7,39.5,126.3,29.6,66.1,88.9,87.6,49.1,31.8,31.9,76.0,29.0,37.7,54.8,83.8,22.9,46.6,9.4,3.7,47.7,72.0,45.4,66.9,73.3,129.2,102.5,15.3,27.1,34.8,45.4,103.0,34.1,29.3,59.9,30.7,30.6,23.9,14.3,16.0,71.8,46.6,11.5,11.5,7.7,16.3,31.1,48.1,30.9,18.4,18.1,19.2,6.6,48.6,59.0,17.1,127.1,64.7,0.8,0.0,70.4,46.9,46.7,3.7,1.6,41.1,16.4,12.9,19.9,106.2,0.0,0.0,0.0,0.0,0.0,0.0,0.0,0.0,0.0,0.0,0.0,0.0,0.0,0.0,17.8,82.8,27.7,152.6,151.5,158.1,155.4,152.0,154.0,154.1,152.4,151.6,3.8,0.5,0.7,1.1,1.1,0.6,0.8,0.2,1413.0,136.1,1301.6,291.3,2606.0,1623.1,8602.9,210.1,387.3,42.4,93.9,85.0,307.3,19.1,143.0,44.6,1.1,267.6,155.9,223.1,237.0,49.0,1.0,0.0,0.0,28.7,1.5,0.0,0.0,0.0
111,OSK08,350.4,866.7,197.5,680.9,165.4,299.1,470.7,467.2,230.2,165.8,164.5,287.5,157.6,190.9,299.4,452.4,122.5,230.4,57.4,21.0,238.2,335.3,205.9,342.1,409.0,703.0,507.2,91.5,135.1,143.5,259.3,550.7,176.4,142.2,299.0,158.1,118.7,99.9,62.9,82.7,351.8,245.4,59.7,66.0,41.2,85.8,164.0,232.8,158.8,84.0,83.5,100.7,30.7,271.5,313.8,93.5,643.6,326.7,5.0,0.1,375.4,231.5,243.6,24.5,10.6,269.5,107.6,84.3,130.3,695.6,0.0,0.0,0.0,0.0,0.0,0.0,0.0,0.0,0.0,0.0,0.0,0.0,0.0,0.0,6.3,32.3,12.2,721.9,721.3,726.3,723.9,721.6,723.9,723.6,722.0,721.5,2.4,0.3,0.4,0.7,0.7,0.4,0.5,0.1,381.1,1555.0,18.0,82.6,695.2,133.7,745.9,17089.3,17606.9,401.0,2821.1,795.8,19668.0,791.4,582.8,708.4,8.6,35.2,286.2,2.9,1464.1,680.3,109.0,0.0,0.7,185.2,0.8,0.0,3.7,0.7
112,OSK09,351.4,776.5,171.5,558.3,132.2,280.3,391.4,386.4,209.8,139.6,139.6,310.5,128.4,164.1,243.1,370.7,101.2,201.7,43.1,16.7,207.1,307.4,192.6,292.0,327.0,572.6,443.6,69.6,117.8,144.6,203.9,454.4,149.4,126.2,259.8,134.2,125.4,99.5,60.4,70.1,309.9,204.6,50.3,51.8,34.0,71.8,136.5,207.2,135.1,78.0,77.0,84.3,28.3,216.8,259.9,75.8,553.3,281.3,3.5,0.1,310.3,202.8,204.9,17.4,7.5,191.8,76.6,60.0,92.7,495.0,0.0,0.0,0.0,0.0,0.0,0.0,0.0,0.0,0.0,0.0,0.0,0.0,0.0,0.0,37.2,190.9,72.3,1087.6,1083.8,1113.6,1099.3,1085.9,1099.3,1097.4,1088.3,1085.2,14.1,1.9,2.6,4.2,4.3,2.5,2.9,0.8,503.2,769.8,157.4,52.0,21194.6,294.8,14892.9,19646.2,45962.1,941.7,1837.6,1536.1,9855.4,1053.3,423.5,736.1,32.2,55.8,1016.6,151.9,1406.6,954.1,551.8,1.1,19.6,779.8,56.7,20.4,64.5,0.0
113,OSK10,23.5,54.7,12.3,41.0,9.8,19.3,28.6,28.3,14.7,10.1,10.1,20.1,9.5,11.8,18.0,27.3,7.4,14.4,3.3,1.2,14.8,21.4,13.3,21.0,24.3,42.2,31.6,5.3,8.4,9.7,15.3,33.3,10.8,8.9,18.6,9.7,8.2,6.7,4.1,5.1,22.0,14.9,3.6,3.9,2.5,5.2,10.0,14.6,9.8,5.4,5.4,6.1,2.0,16.1,19.0,5.6,39.7,20.2,0.3,0.0,22.7,14.4,14.9,1.4,0.6,15.2,6.1,4.7,7.3,39.1,0.0,0.0,0.0,0.0,0.0,0.0,0.0,0.0,0.0,0.0,0.0,0.0,0.0,0.0,1.6,8.1,3.1,148.0,147.8,149.1,148.4,147.9,148.4,148.4,148.0,147.8,0.6,0.1,0.1,0.2,0.2,0.1,0.1,0.0,100.4,59.6,15.3,0.0,146.5,0.0,17.4,356.0,642.2,1095.4,432.0,151.4,1531.2,46.1,83.6,108.6,0.0,0.0,44.3,0.2,183.4,47.5,10.7,0.0,29.2,1.2,0.5,0.0,0.0,0.0
114,OSK11,96.4,229.2,51.7,174.9,42.1,80.3,121.5,120.4,61.2,43.0,42.7,81.3,40.4,49.8,76.7,116.2,31.5,60.5,14.4,5.3,62.4,89.4,55.3,89.0,104.2,180.2,133.1,23.0,35.4,39.5,65.7,141.8,45.8,37.5,78.3,41.1,33.3,27.4,17.0,21.5,92.5,63.4,15.5,16.7,10.6,22.2,42.3,61.4,41.3,22.5,22.3,26.0,8.2,69.2,80.9,23.9,167.9,85.3,1.2,0.0,96.7,60.8,63.1,6.0,2.6,66.3,26.5,20.7,32.1,171.2,0.0,0.0,0.0,0.0,0.0,0.0,0.0,0.0,0.0,0.0,0.0,0.0,0.0,0.0,4.8,24.7,9.3,256.2,255.8,259.6,257.8,256.0,257.8,257.5,256.3,255.9,1.8,0.3,0.3,0.5,0.6,0.3,0.4,0.1,385.3,416.9,31.1,2.3,268.7,71.9,195.3,614.6,2322.6,180.6,8319.8,3018.0,8427.7,137.5,153.3,1650.1,4.6,19.1,925.8,55.9,12583.0,400.0,60.8,0.0,0.0,582.1,28.1,0.0,7.0,1.5
115,OSK12,321.9,803.3,183.4,635.1,154.5,276.3,438.6,435.5,213.1,154.4,153.1,262.4,147.1,177.5,279.4,422.0,114.2,213.9,53.9,19.6,221.2,310.3,190.2,318.1,382.1,656.0,470.9,85.8,125.4,131.7,242.5,513.4,164.2,131.9,277.8,147.1,108.5,91.8,58.0,76.9,326.5,228.6,55.6,61.8,38.4,79.9,152.8,215.9,147.8,77.7,77.2,93.8,28.4,253.6,292.4,87.2,598.3,303.6,4.7,0.1,349.9,214.9,226.8,23.0,10.0,253.6,101.3,79.3,122.6,654.5,0.0,0.0,0.0,0.0,0.0,0.0,0.0,0.0,0.0,0.0,0.0,0.0,0.0,0.0,3.4,17.5,6.6,650.2,649.8,652.5,651.2,650.0,651.2,651.1,650.2,649.9,1.3,0.2,0.2,0.4,0.4,0.2,0.3,0.1,1611.6,684.7,192.0,28.0,2000.9,72.0,213.0,1145.5,5564.2,688.0,3208.7,11314.6,11825.6,1179.8,323.3,1185.2,438.6,63.7,1073.7,37.5,1212.3,564.7,284.8,0.0,49.4,972.0,232.2,3.5,66.2,284.3
116,OSK13,586.1,1422.5,322.5,1102.3,266.7,494.5,763.6,757.4,378.9,269.5,267.7,487.4,254.9,311.3,484.0,732.4,198.5,376.8,91.8,33.9,389.0,552.4,340.2,557.1,659.7,1137.0,829.3,146.5,220.7,240.2,417.2,892.4,287.0,233.0,488.4,257.3,200.4,166.9,104.5,134.5,575.8,398.3,97.1,106.2,66.7,139.3,266.1,381.7,258.5,138.7,137.7,163.6,50.7,437.8,508.7,151.0,1049.5,532.8,7.9,0.1,608.4,378.6,395.8,38.8,16.8,427.7,170.8,133.7,206.8,1104.0,0.0,0.0,0.0,0.0,0.0,0.0,0.0,0.0,0.0,0.0,0.0,0.0,0.0,0.0,19.6,100.6,38.1,1708.0,1706.0,1721.7,1714.2,1707.1,1714.2,1713.2,1708.4,1706.7,7.4,1.0,1.3,2.2,2.3,1.3,1.5,0.4,4302.3,1776.0,272.2,36.4,2345.2,141.6,6912.0,6698.7,14403.3,1279.7,6598.4,8956.9,85030.3,8162.5,2460.2,2867.5,20.9,554.8,2244.5,31.8,3142.3,2823.6,1083.6,0.0,295.4,1634.4,3.2,0.1,0.5,3.5
117,OSK14,173.1,408.9,92.0,310.4,74.7,143.6,215.7,213.7,109.4,76.4,76.0,146.7,71.7,88.6,136.0,206.2,56.0,107.7,25.4,9.5,111.1,159.6,98.8,158.3,184.7,319.7,237.0,40.6,63.0,71.0,116.4,251.7,81.4,66.8,139.4,73.0,60.0,49.2,30.5,38.2,164.9,112.6,27.5,29.6,18.8,39.4,75.2,109.5,73.4,40.2,39.8,46.3,14.7,122.5,143.6,42.4,298.8,151.7,2.1,0.0,171.6,108.2,112.1,10.6,4.6,116.8,46.6,36.5,56.5,301.4,0.0,0.0,0.0,0.0,0.0,0.0,0.0,0.0,0.0,0.0,0.0,0.0,0.0,0.0,7.3,36.8,11.9,425.7,424.3,435.5,429.0,424.9,430.1,429.6,425.7,424.7,4.0,0.5,0.7,1.2,1.2,0.7,0.8,0.2,848.4,676.4,164.5,1.0,139.4,8.0,233.4,2877.9,1459.5,124.8,461.7,570.5,25892.8,11786.0,1617.1,270.7,51.0,28.0,573.0,1.3,4379.2,143.7,99.1,0.0,0.9,185.8,0.0,0.0,0.7,0.0
118,OSK15,34.7,80.4,18.0,60.1,14.4,28.5,41.8,41.4,21.6,14.8,14.8,29.8,13.9,17.3,26.3,39.9,10.9,21.1,4.8,1.8,21.7,31.5,19.6,30.9,35.6,61.8,46.4,7.7,12.3,14.3,22.4,48.8,15.8,13.1,27.3,14.2,12.2,9.9,6.1,7.4,32.3,21.9,5.3,5.7,3.6,7.7,14.6,21.5,14.3,8.0,7.9,9.0,2.9,23.6,27.8,8.2,58.3,29.6,0.4,0.0,33.3,21.2,21.8,2.0,0.9,22.0,8.8,6.9,10.7,56.9,0.0,0.0,0.0,0.0,0.0,0.0,0.0,0.0,0.0,0.0,0.0,0.0,0.0,0.0,1.9,9.5,3.1,70.3,69.9,72.8,71.1,70.1,71.4,71.3,70.3,70.0,1.0,0.1,0.2,0.3,0.3,0.2,0.2,0.1,126.1,294.8,1.0,0.0,214.6,44.5,68.5,12262.1,340.5,14.3,655.9,85.5,785.0,1358.3,2642.0,98.7,0.0,33.3,521.3,30.3,1389.8,69.6,14.8,0.0,0.0,44.0,0.0,0.0,0.0,0.0
119,OSK16,217.2,535.2,121.8,419.4,101.8,185.0,290.0,287.8,142.2,102.2,101.4,178.7,97.1,117.7,184.3,278.6,75.5,142.2,35.3,12.9,146.9,207.2,127.3,210.9,251.7,432.9,313.0,56.2,83.3,88.9,159.5,339.3,108.8,87.8,184.5,97.5,73.7,61.9,38.9,51.0,217.1,151.2,36.8,40.6,25.4,52.9,101.1,143.7,97.9,52.0,51.6,62.1,19.0,167.1,193.3,57.5,396.9,201.5,3.0,0.0,231.2,142.8,150.1,15.0,6.5,165.3,66.0,51.7,79.9,426.8,0.0,0.0,0.0,0.0,0.0,0.0,0.0,0.0,0.0,0.0,0.0,0.0,0.0,0.0,3.5,17.6,5.7,1948.8,1948.2,1953.6,1950.5,1948.5,1951.0,1950.7,1948.8,1948.4,1.9,0.3,0.3,0.6,0.6,0.3,0.4,0.1,416.0,383.3,11.3,3.0,595.9,206.0,279.4,1504.4,895.9,83.0,3253.8,871.0,8898.9,2680.0,611.6,16213.6,110.4,1099.6,7301.1,123.6,31162.2,50.7,9.7,0.0,0.0,47.8,0.9,0.0,278.0,57.2
120,OSK17,46.1,114.8,26.2,90.6,22.0,39.5,62.6,62.1,30.5,22.0,21.9,37.7,21.0,25.3,39.9,60.2,16.3,30.6,7.7,2.8,31.6,44.4,27.2,45.4,54.5,93.6,67.3,12.2,17.9,18.9,34.6,73.3,23.4,18.8,39.7,21.0,15.6,13.2,8.3,11.0,46.6,32.6,7.9,8.8,5.5,11.4,21.8,30.8,21.1,11.1,11.0,13.4,4.1,36.2,41.7,12.4,85.4,43.4,0.7,0.0,49.9,30.7,32.4,3.3,1.4,36.1,14.4,11.3,17.5,93.2,0.0,0.0,0.0,0.0,0.0,0.0,0.0,0.0,0.0,0.0,0.0,0.0,0.0,0.0,0.4,2.2,0.7,545.5,545.4,546.1,545.7,545.4,545.8,545.7,545.5,545.4,0.2,0.0,0.0,0.1,0.1,0.0,0.0,0.0,0.0,0.0,0.0,0.0,2.1,0.0,6.4,62.6,34.8,0.0,79.7,17.0,43.5,5.9,63.6,128.1,2452.7,0.0,286.6,3.0,1476.0,60.8,7.5,0.0,0.0,19.1,0.0,0.0,0.1,0.0
121,OSK18,27.7,67.4,15.3,52.3,12.7,23.4,36.2,36.0,17.9,12.8,12.7,22.9,12.1,14.8,23.0,34.8,9.4,17.9,4.4,1.6,18.4,26.1,16.1,26.4,31.3,54.0,39.3,7.0,10.5,11.3,19.8,42.4,13.6,11.0,23.2,12.2,9.4,7.9,4.9,6.4,27.3,18.9,4.6,5.0,3.2,6.6,12.6,18.1,12.3,6.6,6.5,7.8,2.4,20.8,24.1,7.2,49.8,25.3,0.4,0.0,28.9,17.9,18.8,1.9,0.8,20.4,8.1,6.4,9.9,52.6,0.0,0.0,0.0,0.0,0.0,0.0,0.0,0.0,0.0,0.0,0.0,0.0,0.0,0.0,0.6,3.3,1.1,71.2,71.1,72.1,71.5,71.1,71.6,71.5,71.2,71.1,0.4,0.0,0.1,0.1,0.1,0.1,0.1,0.0,65.4,61.3,0.0,0.0,6.5,55.8,14.1,100.4,196.3,0.0,64.9,31.8,760.9,210.4,96.8,118.2,0.0,701.3,83.6,23.5,94.6,94.1,6.1,0.0,0.0,0.8,0.0,0.0,0.0,0.0
122,OSK19,235.4,577.9,131.4,451.6,109.5,200.0,312.4,310.0,153.7,110.1,109.3,194.2,104.5,127.0,198.4,300.0,81.3,153.4,37.9,13.9,158.5,223.9,137.6,227.4,270.9,466.0,337.7,60.4,89.9,96.4,171.5,365.4,117.2,94.7,199.0,105.1,80.0,67.1,42.1,54.9,234.3,162.9,39.7,43.7,27.3,57.0,108.9,155.2,105.6,56.2,55.8,66.9,20.5,179.8,208.2,61.9,428.1,217.3,3.3,0.0,249.0,154.1,161.8,16.1,7.0,177.3,70.8,55.5,85.7,457.7,0.0,0.0,0.0,0.0,0.0,0.0,0.0,0.0,0.0,0.0,0.0,0.0,0.0,0.0,4.4,22.0,7.1,1184.7,1183.9,1190.5,1186.7,1184.2,1187.3,1187.0,1184.7,1184.1,2.4,0.3,0.4,0.7,0.7,0.4,0.5,0.1,298.0,341.7,37.7,91.6,226.5,813.8,377.1,663.4,1072.6,20.6,902.0,1310.4,2960.7,659.9,268.0,3424.5,113.0,70.5,29076.6,584.6,1304.9,289.6,374.3,0.0,0.0,3184.0,9.6,0.0,2.4,0.4
123,OSK20,12.5,27.0,5.9,19.0,4.5,9.8,13.4,13.2,7.3,4.8,4.8,11.2,4.4,5.6,8.3,12.6,3.5,7.0,1.4,0.6,7.1,10.7,6.7,10.0,11.1,19.5,15.3,2.3,4.1,5.1,6.9,15.5,5.1,4.4,9.0,4.6,4.5,3.5,2.1,2.4,10.7,7.0,1.7,1.7,1.2,2.5,4.7,7.2,4.6,2.7,2.7,2.9,1.0,7.3,8.9,2.6,19.0,9.7,0.1,0.0,10.6,7.0,7.0,0.6,0.2,6.3,2.5,2.0,3.0,16.3,0.0,0.0,0.0,0.0,0.0,0.0,0.0,0.0,0.0,0.0,0.0,0.0,0.0,0.0,1.2,5.9,1.9,40.7,40.5,42.3,41.2,40.6,41.4,41.3,40.7,40.6,0.6,0.1,0.1,0.2,0.2,0.1,0.1,0.0,5.3,23.6,4.1,0.1,0.2,192.5,3.8,36.6,350.5,0.0,0.5,16.0,40.2,39.1,136.5,1865.2,0.0,825.7,214.7,4964.4,379.8,0.2,0.5,0.0,0.0,4.0,0.0,0.0,0.0,0.0
124,OSK21,365.1,886.6,201.0,687.4,166.3,308.1,476.1,472.2,236.1,168.0,166.9,303.5,159.0,194.1,301.8,456.7,123.8,234.9,57.3,21.1,242.5,344.2,212.0,347.3,411.4,709.0,516.9,91.4,137.6,149.6,260.2,556.5,179.0,145.2,304.5,160.4,124.8,104.0,65.1,83.9,358.9,248.3,60.5,66.2,41.6,86.9,166.0,237.9,161.2,86.4,85.8,102.0,31.6,273.0,317.2,94.2,654.3,332.2,4.9,0.1,379.4,236.0,246.8,24.2,10.5,266.9,106.6,83.5,129.0,688.9,0.0,0.0,0.0,0.0,0.0,0.0,0.0,0.0,0.0,0.0,0.0,0.0,0.0,0.0,9.2,46.4,15.0,1501.5,1499.8,1513.9,1505.8,1500.5,1507.1,1506.4,1501.5,1500.3,5.0,0.7,0.9,1.5,1.6,0.9,1.0,0.3,414.6,199.6,97.2,1021.6,537.0,235.6,133.8,2513.2,16910.6,140.4,462.0,10413.2,3090.2,8625.2,2394.2,8823.9,376.2,336.4,18104.4,262.7,96588.7,398.3,264.6,0.0,0.0,569.0,0.0,0.0,19.6,0.1
125,OSK22,62.0,146.0,32.8,110.6,26.6,51.3,76.8,76.1,39.1,27.2,27.1,52.6,25.5,31.6,48.4,73.4,20.0,38.4,9.0,3.4,39.6,57.0,35.3,56.5,65.8,113.8,84.6,14.4,22.5,25.4,41.4,89.6,29.0,23.8,49.7,26.0,21.5,17.6,10.9,13.6,58.8,40.1,9.8,10.5,6.7,14.0,26.8,39.1,26.2,14.4,14.3,16.5,5.3,43.6,51.1,15.1,106.5,54.1,0.8,0.0,61.1,38.6,40.0,3.8,1.6,41.4,16.6,13.0,20.0,107.0,0.0,0.0,0.0,0.0,0.0,0.0,0.0,0.0,0.0,0.0,0.0,0.0,0.0,0.0,3.4,19.2,9.4,58.9,58.8,60.9,60.0,59.0,60.1,59.7,59.1,58.9,1.3,0.2,0.2,0.4,0.4,0.2,0.3,0.1,524.4,172.6,3.4,0.0,386.1,2.4,152.6,287.0,36841.5,35.3,36.0,234.1,465.4,151.0,89.1,138.4,0.0,72.9,131.5,0.6,678.5,3947.5,296.1,1.5,8.3,85.0,33.2,0.0,0.0,0.0
126,OSK23,73.9,180.1,40.9,139.9,33.9,62.5,96.9,96.1,48.0,34.2,33.9,61.4,32.4,39.5,61.4,92.9,25.2,47.7,11.7,4.3,49.3,69.9,43.0,70.6,83.8,144.3,105.1,18.6,28.0,30.3,53.0,113.2,36.4,29.5,61.9,32.6,25.3,21.1,13.2,17.1,72.9,50.5,12.3,13.5,8.5,17.7,33.8,48.3,32.8,17.5,17.4,20.8,6.4,55.6,64.5,19.2,133.0,67.5,1.0,0.0,77.2,47.9,50.2,4.9,2.1,54.5,21.8,17.0,26.3,140.6,0.0,0.0,0.0,0.0,0.0,0.0,0.0,0.0,0.0,0.0,0.0,0.0,0.0,0.0,2.2,12.3,6.0,107.7,107.6,109.0,108.4,107.8,108.5,108.3,107.9,107.7,0.8,0.1,0.1,0.2,0.2,0.1,0.2,0.0,264.5,92.6,1.8,7.2,588.1,0.0,35.9,289.5,1454.5,105.0,81.8,44.7,664.3,43.1,37.5,242.4,0.4,0.0,107.3,0.0,127.5,1152.5,1133.9,744.6,21.6,189.1,73.0,0.0,0.0,0.0
127,OSK24,0.2,0.3,0.1,0.1,0.0,0.1,0.1,0.1,0.1,0.0,0.0,0.2,0.0,0.1,0.1,0.1,0.0,0.1,0.0,0.0,0.1,0.1,0.1,0.1,0.1,0.1,0.2,0.0,0.0,0.1,0.0,0.1,0.0,0.0,0.1,0.0,0.1,0.1,0.0,0.0,0.1,0.1,0.0,0.0,0.0,0.0,0.0,0.1,0.0,0.0,0.0,0.0,0.0,0.0,0.1,0.0,0.2,0.1,0.0,0.0,0.1,0.1,0.1,0.0,0.0,0.0,0.0,0.0,0.0,0.0,0.0,0.0,0.0,0.0,0.0,0.0,0.0,0.0,0.0,0.0,0.0,0.0,0.0,0.0,0.1,0.4,0.2,0.0,0.0,0.0,0.0,0.0,0.0,0.0,0.0,0.0,0.0,0.0,0.0,0.0,0.0,0.0,0.0,0.0,0.0,0.0,0.0,0.0,0.0,0.0,0.0,0.0,0.0,0.0,0.0,0.0,0.0,0.0,0.0,105.6,0.0,0.0,0.0,0.0,0.0,0.4,0.8,0.1,0.1,0.0,0.0,0.0,0.1,0.0
128,OSK25,20.5,50.3,11.4,39.2,9.5,17.4,27.1,26.9,13.4,9.6,9.5,17.0,9.1,11.0,17.2,26.1,7.1,13.3,3.3,1.2,13.8,19.5,12.0,19.8,23.5,40.5,29.4,5.2,7.8,8.4,14.9,31.7,10.2,8.2,17.3,9.1,7.0,5.9,3.7,4.8,20.4,14.2,3.4,3.8,2.4,5.0,9.5,13.5,9.2,4.9,4.9,5.8,1.8,15.6,18.1,5.4,37.2,18.9,0.3,0.0,21.6,13.4,14.1,1.4,0.6,15.4,6.1,4.8,7.4,39.6,0.0,0.0,0.0,0.0,0.0,0.0,0.0,0.0,0.0,0.0,0.0,0.0,0.0,0.0,0.5,2.9,1.4,10.4,10.4,10.7,10.6,10.4,10.6,10.5,10.4,10.4,0.2,0.0,0.0,0.1,0.1,0.0,0.0,0.0,0.1,0.0,0.0,0.0,0.5,0.0,0.0,25.9,56.3,0.0,14.4,8.4,31.9,0.0,0.0,0.0,0.0,0.2,4.6,0.0,0.2,9.3,63.5,0.0,3694.4,42.9,0.0,0.0,0.0,0.0
129,OSK26,194.7,475.2,107.8,369.6,89.5,164.8,255.9,253.9,126.5,90.2,89.6,161.4,85.5,104.2,162.4,245.6,66.6,126.0,30.9,11.3,130.1,184.4,113.4,186.5,221.5,381.3,277.3,49.3,73.8,79.7,140.1,299.2,96.2,77.9,163.4,86.1,66.5,55.4,34.8,45.1,192.5,133.4,32.5,35.7,22.4,46.6,89.2,127.6,86.5,46.3,46.0,54.8,16.9,147.0,170.5,50.7,351.3,178.3,2.7,0.0,204.0,126.6,132.6,13.1,5.7,144.2,57.6,45.1,69.7,372.3,0.0,0.0,0.0,0.0,0.0,0.0,0.0,0.0,0.0,0.0,0.0,0.0,0.0,0.0,3.4,17.9,6.1,302.9,302.6,308.6,305.5,303.0,309.7,306.2,303.7,303.2,2.5,0.4,0.5,0.7,0.8,0.5,0.5,0.1,8.1,11.9,32.1,0.6,180.0,2.7,83.7,293.6,1943.6,208.3,918.0,931.8,1420.9,478.2,6.1,279.8,0.1,198.3,1857.1,0.7,137.7,179.2,173.9,0.0,6.7,19849.0,1047.3,206.3,334.8,106.9
130,OSK27,10.4,25.7,5.8,20.1,4.9,8.9,13.9,13.8,6.8,4.9,4.9,8.6,4.7,5.6,8.8,13.4,3.6,6.8,1.7,0.6,7.0,10.0,6.1,10.1,12.1,20.7,15.0,2.7,4.0,4.3,7.6,16.3,5.2,4.2,8.8,4.7,3.5,3.0,1.9,2.4,10.4,7.2,1.8,1.9,1.2,2.5,4.8,6.9,4.7,2.5,2.5,3.0,0.9,8.0,9.3,2.8,19.0,9.7,0.1,0.0,11.1,6.9,7.2,0.7,0.3,7.9,3.2,2.5,3.8,20.4,0.0,0.0,0.0,0.0,0.0,0.0,0.0,0.0,0.0,0.0,0.0,0.0,0.0,0.0,0.1,0.7,0.3,12.3,12.3,12.5,12.4,12.3,12.6,12.4,12.3,12.3,0.1,0.0,0.0,0.0,0.0,0.0,0.0,0.0,20.0,34.8,0.0,22.1,0.0,20.4,0.0,46.9,23.1,20.0,28.0,52.1,18.0,0.0,0.1,60.0,0.0,0.0,18.6,0.0,42.5,40.0,18.2,0.0,0.7,1905.4,1649.9,0.0,0.0,0.0
131,OSK28,7.2,18.0,4.1,14.1,3.4,6.2,9.8,9.7,4.8,3.4,3.4,5.9,3.3,4.0,6.2,9.4,2.5,4.8,1.2,0.4,4.9,6.9,4.3,7.1,8.5,14.6,10.5,1.9,2.8,3.0,5.4,11.4,3.7,2.9,6.2,3.3,2.5,2.1,1.3,1.7,7.3,5.1,1.2,1.4,0.9,1.8,3.4,4.8,3.3,1.7,1.7,2.1,0.6,5.6,6.5,1.9,13.3,6.8,0.1,0.0,7.8,4.8,5.0,0.5,0.2,5.6,2.2,1.7,2.7,14.4,0.0,0.0,0.0,0.0,0.0,0.0,0.0,0.0,0.0,0.0,0.0,0.0,0.0,0.0,0.1,0.4,0.1,11.1,11.1,11.2,11.1,11.1,11.2,11.2,11.1,11.1,0.1,0.0,0.0,0.0,0.0,0.0,0.0,0.0,147.0,0.1,0.3,0.0,0.0,0.0,0.0,0.0,51.0,0.0,13.6,0.0,54.6,0.1,0.0,45.9,0.0,0.0,0.2,0.0,3.2,0.0,0.0,0.0,0.0,31.8,0.0,495.8,0.0,0.0
132,OSK29,8.7,21.2,4.8,16.6,4.0,7.4,11.5,11.4,5.6,4.0,4.0,7.1,3.8,4.7,7.3,11.0,3.0,5.6,1.4,0.5,5.8,8.2,5.1,8.4,10.0,17.1,12.4,2.2,3.3,3.5,6.3,13.4,4.3,3.5,7.3,3.9,2.9,2.5,1.6,2.0,8.6,6.0,1.5,1.6,1.0,2.1,4.0,5.7,3.9,2.1,2.1,2.5,0.8,6.6,7.7,2.3,15.7,8.0,0.1,0.0,9.2,5.7,5.9,0.6,0.3,6.5,2.6,2.0,3.1,16.8,0.0,0.0,0.0,0.0,0.0,0.0,0.0,0.0,0.0,0.0,0.0,0.0,0.0,0.0,0.1,0.7,0.2,24.0,23.9,24.2,24.1,24.0,24.2,24.1,24.0,24.0,0.1,0.0,0.0,0.0,0.0,0.0,0.0,0.0,75.0,0.2,0.0,0.0,14.8,0.0,5.0,7.3,3.2,6.0,138.4,16.1,543.4,2.8,52.3,0.0,0.0,0.0,0.0,0.0,0.7,112.5,124.5,112.5,112.5,150.6,0.0,948.4,7966.1,90.0
133,OSK30,0.7,1.7,0.4,1.3,0.3,0.6,0.9,0.9,0.4,0.3,0.3,0.5,0.3,0.4,0.6,0.9,0.2,0.4,0.1,0.0,0.5,0.6,0.4,0.7,0.8,1.4,1.0,0.2,0.3,0.3,0.5,1.1,0.3,0.3,0.6,0.3,0.2,0.2,0.1,0.2,0.7,0.5,0.1,0.1,0.1,0.2,0.3,0.4,0.3,0.2,0.2,0.2,0.1,0.5,0.6,0.2,1.2,0.6,0.0,0.0,0.7,0.4,0.5,0.0,0.0,0.5,0.2,0.2,0.3,1.3,0.0,0.0,0.0,0.0,0.0,0.0,0.0,0.0,0.0,0.0,0.0,0.0,0.0,0.0,0.0,0.0,0.0,0.0,0.0,0.0,0.0,0.0,0.0,0.0,0.0,0.0,0.0,0.0,0.0,0.0,0.0,0.0,0.0,0.0,0.0,0.0,0.0,0.0,0.0,0.0,0.0,30.0,0.0,0.0,0.0,0.0,0.0,0.0,0.0,0.0,0.0,0.0,0.0,0.0,0.0,0.0,0.0,0.0,0.0,0.0,0.0,0.0,0.5,119.5
