sub_region,industry,rate_office,rate_factory,rate_logistics,rate_other
tokyo_ward_coastal,chemical_manufacturing,8.8,20.5,5.5,9.0
tokyo_ward_coastal,steel_manufacturing,4.8,2.6,0.0,3.0
tokyo_ward_coastal,metal_product_manufacturing,2.5,2.9,0.0,0.0
tokyo_ward_coastal,machinery_manufacturing,2.1,2.0,8.7,5.2
tokyo_ward_coastal,light_misc_manufacturing,2.3,4.7,3.8,1.9
tokyo_ward_coastal,road_freight_transport,14.2,0.0,18.8,39.0
tokyo_ward_coastal,water_transport,18.1,0.0,8.0,10.0
tokyo_ward_coastal,air_transport,0.0,0.0,0.0,1.0
tokyo_ward_coastal,warehousing,22.5,0.0,32.1,82.7
tokyo_ward_coastal,transport_related_services,46.2,0.0,37.7,304.0
tokyo_ward_coastal,raw_material_wholesale,3.9,9.7,5.5,4.4
tokyo_ward_coastal,product_wholesale,3.4,2.2,4.8,5.5
tokyo_ward_coastal,service_industry,4.2,10.6,10.8,2.3
tokyo_ward_coastal,other,3.9,69.0,38.7,27.5
tokyo_ward_inland,chemical_manufacturing,2.3,11.8,4.3,3.5
tokyo_ward_inland,steel_manufacturing,4.2,4.2,10.0,2.0
tokyo_ward_inland,metal_product_manufacturing,2.1,2.2,1.8,1.5
tokyo_ward_inland,machinery_manufacturing,2.0,2.1,3.3,2.1
tokyo_ward_inland,light_misc_manufacturing,4.3,4.9,2.6,2.1
tokyo_ward_inland,road_freight_transport,20.8,0.0,13.0,25.6
tokyo_ward_inland,water_transport,0.0,0.0,0.0,0.0
tokyo_ward_inland,air_transport,0.0,0.0,0.0,0.0
tokyo_ward_inland,warehousing,18.3,0.0,12.5,5.0
tokyo_ward_inland,transport_related_services,3.5,0.0,2.5,2.0
tokyo_ward_inland,raw_material_wholesale,2.7,5.0,4.8,4.2
tokyo_ward_inland,product_wholesale,4.0,5.0,5.7,3.1
tokyo_ward_inland,service_industry,5.1,4.0,8.7,2.4
tokyo_ward_inland,other,0.0,18.0,37.4,0.0
tokyo_tama,chemical_manufacturing,2.9,18.2,5.0,0.0
tokyo_tama,steel_manufacturing,0.0,6.3,0.0,0.0
tokyo_tama,metal_product_manufacturing,5.4,2.3,0.0,1.0
tokyo_tama,machinery_manufacturing,5.3,2.7,16.4,3.1
tokyo_tama,light_misc_manufacturing,3.8,4.9,8.7,12.9
tokyo_tama,road_freight_transport,19.0,0.0,15.5,4.6
tokyo_tama,water_transport,0.0,0.0,0.0,0.0
tokyo_tama,air_transport,0.0,0.0,0.0,7.0
tokyo_tama,warehousing,2.0,0.0,14.4,8.0
tokyo_tama,transport_related_services,19.6,0.0,13.4,11.0
tokyo_tama,raw_material_wholesale,6.0,5.2,5.8,6.7
tokyo_tama,product_wholesale,5.7,3.9,11.8,14.5
tokyo_tama,service_industry,4.9,16.8,5.0,1.9
tokyo_tama,other,0.0,9.7,110.0,0.0
yokohama_city,chemical_manufacturing,2.1,25.1,6.7,2.9
yokohama_city,steel_manufacturing,2.5,3.4,1.0,0.0
yokohama_city,metal_product_manufacturing,2.2,2.7,15.1,1.7
yokohama_city,machinery_manufacturing,2.1,2.5,5.9,3.2
yokohama_city,light_misc_manufacturing,2.7,4.8,27.3,5.7
yokohama_city,road_freight_transport,11.1,0.0,30.2,7.6
yokohama_city,water_transport,0.0,0.0,0.0,0.0
yokohama_city,air_transport,0.0,0.0,0.0,0.0
yokohama_city,warehousing,12.1,0.0,21.9,12.7
yokohama_city,transport_related_services,52.4,0.0,29.2,8.2
yokohama_city,raw_material_wholesale,5.0,3.5,6.5,4.7
yokohama_city,product_wholesale,5.7,2.9,8.7,6.9
yokohama_city,service_industry,2.9,14.4,39.6,1.4
yokohama_city,other,4.0,5.3,39.0,7.7
kawasaki_city,chemical_manufacturing,2.5,21.5,20.0,1.5
kawasaki_city,steel_manufacturing,2.0,17.2,0.0,0.0
kawasaki_city,metal_product_manufacturing,3.5,2.3,0.0,4.0
kawasaki_city,machinery_manufacturing,2.6,2.5,12.0,1.4
kawasaki_city,light_misc_manufacturing,1.0,10.9,0.0,3.5
kawasaki_city,road_freight_transport,51.3,0.0,23.2,53.3
kawasaki_city,water_transport,0.0,0.0,0.0,0.0
kawasaki_city,air_transport,0.0,0.0,0.0,0.0
kawasaki_city,warehousing,19.8,0.0,37.4,31.4
kawasaki_city,transport_related_services,30.0,0.0,106.3,3.8
kawasaki_city,raw_material_wholesale,3.7,3.9,8.3,5.2
kawasaki_city,product_wholesale,4.7,7.4,13.5,7.0
kawasaki_city,service_industry,2.0,9.0,69.5,2.1
kawasaki_city,other,0.0,28.3,61.5,3.1
sagamihara_city,chemical_manufacturing,30.5,10.0,0.0,0.0
sagamihara_city,steel_manufacturing,0.0,3.9,0.0,0.0
sagamihara_city,metal_product_manufacturing,0.0,3.0,0.0,0.0
sagamihara_city,machinery_manufacturing,1.9,3.2,0.0,0.0
sagamihara_city,light_misc_manufacturing,3.8,4.0,50.0,3.0
sagamihara_city,road_freight_transport,12.6,0.0,13.1,1.0
sagamihara_city,water_transport,0.0,0.0,0.0,0.0
sagamihara_city,air_transport,0.0,0.0,0.0,0.0
sagamihara_city,warehousing,0.0,0.0,23.5,0.0
sagamihara_city,transport_related_services,2.0,0.0,29.2,0.0
sagamihara_city,raw_material_wholesale,11.3,6.4,4.0,15.2
sagamihara_city,product_wholesale,6.5,5.2,19.3,21.7
sagamihara_city,service_industry,2.0,12.5,0.0,5.0
sagamihara_city,other,9.0,5.9,20.4,3.5
kanagawa_pref,chemical_manufacturing,7.1,12.0,12.7,17.5
kanagawa_pref,steel_manufacturing,2.7,7.1,6.0,0.0
kanagawa_pref,metal_product_manufacturing,2.4,5.1,3.0,1.0
kanagawa_pref,machinery_manufacturing,2.3,4.8,5.7,2.0
kanagawa_pref,light_misc_manufacturing,1.7,10.7,9.4,2.6
kanagawa_pref,road_freight_transport,12.2,0.0,16.1,62.0
kanagawa_pref,water_transport,0.0,0.0,20.0,0.0
kanagawa_pref,air_transport,0.0,0.0,0.0,0.0
kanagawa_pref,warehousing,2.5,0.0,22.9,0.0
kanagawa_pref,transport_related_services,3.0,0.0,15.4,10.6
kanagawa_pref,raw_material_wholesale,5.1,8.4,6.5,6.1
kanagawa_pref,product_wholesale,4.1,9.7,10.5,6.6
kanagawa_pref,service_industry,3.9,5.9,22.7,3.7
kanagawa_pref,other,9.7,4.2,35.8,0.0
saitama_city,chemical_manufacturing,5.0,16.8,7.2,0.0
saitama_city,steel_manufacturing,0.0,1.7,0.0,0.0
saitama_city,metal_product_manufacturing,2.0,3.1,5.0,1.0
saitama_city,machinery_manufacturing,2.5,2.6,4.8,0.0
saitama_city,light_misc_manufacturing,3.0,3.9,2.1,3.8
saitama_city,road_freight_transport,19.1,0.0,18.7,15.7
saitama_city,water_transport,0.0,0.0,0.0,0.0
saitama_city,air_transport,0.0,0.0,0.0,0.0
saitama_city,warehousing,0.0,0.0,8.8,0.0
saitama_city,transport_related_services,0.0,0.0,3.9,5.0
saitama_city,raw_material_wholesale,4.3,5.0,10.4,5.0
saitama_city,product_wholesale,4.5,7.1,9.7,17.2
saitama_city,service_industry,7.3,7.7,8.0,11.1
saitama_city,other,4.0,2.0,10.0,3.0
saitama_south,chemical_manufacturing,1.8,9.7,10.3,0.0
saitama_south,steel_manufacturing,2.0,4.1,2.5,0.0
saitama_south,metal_product_manufacturing,1.7,3.5,13.7,0.0
saitama_south,machinery_manufacturing,2.2,2.7,8.0,2.0
saitama_south,light_misc_manufacturing,1.9,5.3,5.6,1.6
saitama_south,road_freight_transport,14.8,0.0,18.3,20.2
saitama_south,water_transport,0.0,0.0,0.0,0.0
saitama_south,air_transport,0.0,0.0,0.0,0.0
saitama_south,warehousing,20.5,0.0,17.4,71.0
saitama_south,transport_related_services,7.5,0.0,38.8,17.8
saitama_south,raw_material_wholesale,5.0,5.8,8.5,8.3
saitama_south,product_wholesale,6.4,8.0,14.4,2.4
saitama_south,service_industry,6.3,4.9,12.2,5.0
saitama_south,other,16.1,0.0,87.1,0.0
saitama_north,chemical_manufacturing,4.2,14.9,5.6,49.8
saitama_north,steel_manufacturing,4.0,7.9,23.0,0.0
saitama_north,metal_product_manufacturing,3.7,3.7,25.0,0.0
saitama_north,machinery_manufacturing,4.8,3.5,18.8,0.0
saitama_north,light_misc_manufacturing,3.0,5.6,10.6,3.7
saitama_north,road_freight_transport,10.8,0.0,21.2,34.8
saitama_north,water_transport,0.0,0.0,0.0,0.0
saitama_north,air_transport,0.0,0.0,0.0,0.0
saitama_north,warehousing,16.8,0.0,16.3,3.6
saitama_north,transport_related_services,12.9,0.0,16.1,13.6
saitama_north,raw_material_wholesale,5.5,9.5,14.5,3.8
saitama_north,product_wholesale,4.9,4.3,13.4,6.1
saitama_north,service_industry,4.3,6.3,11.8,4.7
saitama_north,other,3.8,9.5,50.2,20.0
chiba_city,chemical_manufacturing,1.0,11.8,1.5,3.0
chiba_city,steel_manufacturing,0.0,14.6,0.0,0.0
chiba_city,metal_product_manufacturing,1.0,4.1,4.0,0.0
chiba_city,machinery_manufacturing,4.6,2.2,0.0,0.0
chiba_city,light_misc_manufacturing,3.7,9.8,0.0,0.0
chiba_city,road_freight_transport,7.3,0.0,23.1,19.9
chiba_city,water_transport,90.0,0.0,0.0,0.0
chiba_city,air_transport,0.0,0.0,0.0,0.0
chiba_city,warehousing,0.0,0.0,42.4,0.0
chiba_city,transport_related_services,1.0,0.0,40.7,0.0
chiba_city,raw_material_wholesale,6.0,9.4,3.7,4.8
chiba_city,product_wholesale,5.4,6.8,9.7,3.7
chiba_city,service_industry,5.5,4.3,3.2,6.3
chiba_city,other,34.0,1.0,34.0,4.2
chiba_northwest,chemical_manufacturing,4.1,9.2,9.9,12.0
chiba_northwest,steel_manufacturing,13.8,13.6,12.3,0.0
chiba_northwest,metal_product_manufacturing,3.8,3.0,0.0,14.0
chiba_northwest,machinery_manufacturing,2.1,2.8,1.0,5.0
chiba_northwest,light_misc_manufacturing,2.8,11.0,24.9,2.5
chiba_northwest,road_freight_transport,24.6,0.0,22.8,11.1
chiba_northwest,water_transport,0.0,0.0,0.0,0.0
chiba_northwest,air_transport,1.0,0.0,0.0,20.0
chiba_northwest,warehousing,2.1,0.0,28.9,0.0
chiba_northwest,transport_related_services,2.1,0.0,21.8,63.6
chiba_northwest,raw_material_wholesale,8.8,7.6,8.4,3.9
chiba_northwest,product_wholesale,4.7,5.9,11.2,9.5
chiba_northwest,service_industry,6.9,6.6,14.9,2.1
chiba_northwest,other,12.3,9.2,45.4,2.3
chiba_southwest,chemical_manufacturing,6.1,24.8,0.0,0.0
chiba_southwest,steel_manufacturing,15.0,7.1,0.0,0.0
chiba_southwest,metal_product_manufacturing,2.0,7.4,1.0,0.0
chiba_southwest,machinery_manufacturing,1.6,3.3,0.0,0.0
chiba_southwest,light_misc_manufacturing,2.1,2.9,0.0,1.0
chiba_southwest,road_freight_transport,21.3,0.0,22.5,5.7
chiba_southwest,water_transport,0.0,0.0,0.0,0.0
chiba_southwest,air_transport,0.0,0.0,0.0,0.0
chiba_southwest,warehousing,0.0,0.0,33.5,0.0
chiba_southwest,transport_related_services,54.0,0.0,83.6,0.0
chiba_southwest,raw_material_wholesale,6.0,6.3,18.8,2.0
chiba_southwest,product_wholesale,4.5,3.6,5.4,3.3
chiba_southwest,service_industry,6.7,3.1,2.0,5.3
chiba_southwest,other,1.0,0.0,16.5,0.0
chiba_east,chemical_manufacturing,3.6,5.3,4.0,0.0
chiba_east,steel_manufacturing,0.0,4.7,0.0,0.0
chiba_east,metal_product_manufacturing,2.0,3.4,3.0,0.0
chiba_east,machinery_manufacturing,8.0,2.7,15.0,0.0
chiba_east,light_misc_manufacturing,3.6,3.9,5.0,2.2
chiba_east,road_freight_transport,8.1,0.0,22.4,2.5
chiba_east,water_transport,0.0,0.0,0.0,1.0
chiba_east,air_transport,0.0,0.0,0.0,0.0
chiba_east,warehousing,18.3,0.0,16.0,0.0
chiba_east,transport_related_services,15.9,0.0,16.7,0.0
chiba_east,raw_material_wholesale,3.6,8.9,7.8,6.6
chiba_east,product_wholesale,5.8,5.0,5.5,4.6
chiba_east,service_industry,4.0,9.2,11.6,2.0
chiba_east,other,1.0,14.5,70.4,13.0
ibaraki_south,chemical_manufacturing,3.9,12.9,5.3,9.0
ibaraki_south,steel_manufacturing,23.2,8.1,0.0,0.0
ibaraki_south,metal_product_manufacturing,4.8,6.8,7.6,3.0
ibaraki_south,machinery_manufacturing,3.6,5.7,86.3,0.0
ibaraki_south,light_misc_manufacturing,2.6,10.8,3.2,3.6
ibaraki_south,road_freight_transport,15.1,0.0,20.0,18.4
ibaraki_south,water_transport,0.0,0.0,0.0,0.0
ibaraki_south,air_transport,0.0,0.0,0.0,0.0
ibaraki_south,warehousing,50.0,0.0,17.8,4.5
ibaraki_south,transport_related_services,1.0,0.0,2.8,2.0
ibaraki_south,raw_material_wholesale,3.9,6.9,6.6,5.8
ibaraki_south,product_wholesale,5.5,3.5,7.9,4.6
ibaraki_south,service_industry,5.6,12.7,14.9,0.0
ibaraki_south,other,2.9,5.6,13.1,2.3
ibaraki_central,chemical_manufacturing,4.3,12.4,11.9,2.0
ibaraki_central,steel_manufacturing,1.0,5.0,0.0,0.0
ibaraki_central,metal_product_manufacturing,2.9,7.4,0.0,0.0
ibaraki_central,machinery_manufacturing,3.0,3.7,9.0,0.0
ibaraki_central,light_misc_manufacturing,5.0,4.3,10.9,2.0
ibaraki_central,road_freight_transport,15.6,0.0,11.8,7.4
ibaraki_central,water_transport,0.0,0.0,0.0,0.0
ibaraki_central,air_transport,0.0,0.0,0.0,0.0
ibaraki_central,warehousing,11.4,0.0,12.8,0.0
ibaraki_central,transport_related_services,30.8,0.0,33.0,0.0
ibaraki_central,raw_material_wholesale,9.5,4.4,5.8,7.7
ibaraki_central,product_wholesale,5.5,2.8,6.0,9.2
ibaraki_central,service_industry,4.7,5.2,6.1,1.5
ibaraki_central,other,46.0,0.0,22.0,0.0
tochigi_south,chemical_manufacturing,73.0,16.9,3.9,0.0
tochigi_south,steel_manufacturing,2.0,9.5,0.0,1.0
tochigi_south,metal_product_manufacturing,2.5,4.9,7.0,1.0
tochigi_south,machinery_manufacturing,1.8,4.7,1.0,2.1
tochigi_south,light_misc_manufacturing,5.0,5.4,11.9,4.5
tochigi_south,road_freight_transport,8.0,0.0,20.8,18.0
tochigi_south,water_transport,0.0,0.0,0.0,0.0
tochigi_south,air_transport,0.0,0.0,0.0,0.0
tochigi_south,warehousing,20.0,0.0,14.5,7.3
tochigi_south,transport_related_services,14.8,0.0,28.8,0.0
tochigi_south,raw_material_wholesale,4.8,7.9,13.0,4.2
tochigi_south,product_wholesale,3.4,10.4,2.9,21.5
tochigi_south,service_industry,4.4,4.2,0.0,0.0
tochigi_south,other,4.1,7.3,30.4,2.0
gunma_south,chemical_manufacturing,14.4,9.0,7.1,8.2
gunma_south,steel_manufacturing,1.5,9.7,5.0,0.0
gunma_south,metal_product_manufacturing,3.0,3.6,1.0,0.0
gunma_south,machinery_manufacturing,3.4,5.3,12.1,3.5
gunma_south,light_misc_manufacturing,3.4,8.1,5.3,1.8
gunma_south,road_freight_transport,11.5,0.0,16.5,17.3
gunma_south,water_transport,0.0,0.0,0.0,0.0
gunma_south,air_transport,0.0,0.0,0.0,0.0
gunma_south,warehousing,20.0,0.0,23.7,100.3
gunma_south,transport_related_services,3.0,0.0,3.6,16.9
gunma_south,raw_material_wholesale,4.3,5.1,6.7,3.4
gunma_south,product_wholesale,6.1,8.6,8.1,2.4
gunma_south,service_industry,4.6,4.5,8.0,11.3
gunma_south,other,7.5,4.5,20.8,2.8
metropolitan_area_total,chemical_manufacturing,8.8,13.6,7.8,12.7
metropolitan_area_total,steel_manufacturing,8.3,7.4,8.5,1.8
metropolitan_area_total,metal_product_manufacturing,2.8,3.7,8.7,2.6
metropolitan_area_total,machinery_manufacturing,2.8,3.5,14.8,2.8
metropolitan_area_total,light_misc_manufacturing,3.5,6.4,9.2,3.4
metropolitan_area_total,road_freight_transport,15.9,0.0,18.8,22.5
metropolitan_area_total,water_transport,30.2,0.0,12.8,6.8
metropolitan_area_total,air_transport,1.0,0.0,0.0,8.3
metropolitan_area_total,warehousing,17.9,0.0,22.5,42.2
metropolitan_area_total,transport_related_services,20.8,0.0,31.5,52.6
metropolitan_area_total,raw_material_wholesale,4.9,6.6,7.9,5.3
metropolitan_area_total,product_wholesale,4.7,5.0,9.2,6.7
metropolitan_area_total,service_industry,5.0,8.2,13.9,3.3
metropolitan_area_total,other,7.0,8.7,40.0,4.6
